CREATE DATABASE  IF NOT EXISTS `clear_crm` /*!40100 DEFAULT CHARACTER SET latin1 */;
USE `clear_crm`;
-- MySQL dump 10.13  Distrib 5.6.19, for linux-glibc2.5 (x86_64)
--
-- Host: localhost    Database: clear_crm
-- ------------------------------------------------------
-- Server version	5.5.41-0ubuntu0.14.04.1

/*!40101 SET @OLD_CHARACTER_SET_CLIENT=@@CHARACTER_SET_CLIENT */;
/*!40101 SET @OLD_CHARACTER_SET_RESULTS=@@CHARACTER_SET_RESULTS */;
/*!40101 SET @OLD_COLLATION_CONNECTION=@@COLLATION_CONNECTION */;
/*!40101 SET NAMES utf8 */;
/*!40103 SET @OLD_TIME_ZONE=@@TIME_ZONE */;
/*!40103 SET TIME_ZONE='+00:00' */;
/*!40014 SET @OLD_UNIQUE_CHECKS=@@UNIQUE_CHECKS, UNIQUE_CHECKS=0 */;
/*!40014 SET @OLD_FOREIGN_KEY_CHECKS=@@FOREIGN_KEY_CHECKS, FOREIGN_KEY_CHECKS=0 */;
/*!40101 SET @OLD_SQL_MODE=@@SQL_MODE, SQL_MODE='NO_AUTO_VALUE_ON_ZERO' */;
/*!40111 SET @OLD_SQL_NOTES=@@SQL_NOTES, SQL_NOTES=0 */;

--
-- Table structure for table `account`
--

DROP TABLE IF EXISTS `account`;
/*!40101 SET @saved_cs_client     = @@character_set_client */;
/*!40101 SET character_set_client = utf8 */;
CREATE TABLE `account` (
  `id` char(36) NOT NULL,
  `companyName` varchar(150) NOT NULL,
  `dateEntered` datetime NOT NULL,
  `introducedBy` varchar(150) NOT NULL,
  `description` text,
  `active` bit(1) NOT NULL DEFAULT b'1',
  `industry` varchar(50) DEFAULT NULL,
  `annualRevenue` varchar(100) DEFAULT NULL,
  `phoneFax` varchar(100) DEFAULT NULL,
  `billingAddressStreet` varchar(150) DEFAULT NULL,
  `billingAddressCity` varchar(100) DEFAULT NULL,
  `billingAddressState` varchar(100) DEFAULT NULL,
  `billingAddressZipcode` varchar(20) DEFAULT NULL,
  `billingAddressCountry` varchar(225) DEFAULT NULL,
  `rating` varchar(100) DEFAULT NULL,
  `mainPhone` varchar(100) NOT NULL,
  `alternativePhone` varchar(100) DEFAULT NULL,
  `website` varchar(225) DEFAULT NULL,
  `ownership` varchar(100) DEFAULT NULL,
  `employees` int(10) DEFAULT NULL,
  `tickerSymbol` varchar(10) DEFAULT NULL,
  `shippingAddressStreet` varchar(150) DEFAULT NULL,
  `shippingAddressCity` varchar(100) NOT NULL,
  `shippingAddressState` varchar(100) NOT NULL,
  `shippingAddressZipcode` varchar(20) DEFAULT NULL,
  `shippingAddressCountry` varchar(225) NOT NULL DEFAULT 'United States',
  PRIMARY KEY (`id`)
) ENGINE=InnoDB DEFAULT CHARSET=latin1;
/*!40101 SET character_set_client = @saved_cs_client */;

--
-- Dumping data for table `account`
--

LOCK TABLES `account` WRITE;
/*!40000 ALTER TABLE `account` DISABLE KEYS */;
INSERT INTO `account` VALUES ('1','Dolor Nonummy LLP','2015-03-11 15:13:39','Abbot Maynard','urna. Ut tincidunt vehicula risus. Nulla eget metus eu erat','\0','Y8G4T3','$70834.52','(X25) X82-8404','418-5215 Pede. Ave','Heredia','H','San Francisco','USA','6','(X25) X41-9387','(X25) X40-6553','www.DolorNonummyLLP.com','Lycos',869,'RIRH','148 Gravida Road','Heredia','QC','760265','USA'),('10','Natoque Penatibus Corp.','2014-05-05 04:02:14','Aaron Rich','felis purus ac tellus. Suspendisse sed dolor. Fusce mi lorem,','\0','K8H3Q7','$35519.97','(840) 118-5560','Ap #114-1200 Mauris Street','San Giovanni la Punta','SIC','Milazzo','USA','2','(593) 746-9932','(737) 491-8296','www.NatoquePenatibusCorp..com','Finale',397,'GVPH','826-316 A, Av.','Valverde','BE','10832-876','USA'),('100','Turpis In Condimentum LLP','2014-10-03 09:58:51','Jason Reynolds','tempus risus. Donec egestas. Duis ac arcu. Nunc mauris. Morbi','','T4S7O7','$41013.87','(716) 130-0090','P.O. Box 643, 7659 Mattis. Rd.','Belfast','Ulster','Belfast','USA','2','(513) 577-6940','(120) 397-2043','www.TurpisInCondimentumLLP.com','Sibelius',867,'EDGC','P.O. Box 591, 731 Pede Av.','Belfast','Berlin','70329','USA'),('11','Auctor Mauris Vel Industries','2014-03-19 06:55:32','Myles Glenn','malesuada id, erat. Etiam vestibulum massa rutrum magna. Cras convallis','','H3R9P2','$24525.13','(643) 298-5056','Ap #833-5242 Lobortis Ave','Belfast','U','Belfast','USA','7','(417) 455-4405','(350) 344-1007','www.AuctorMaurisVelIndustries.com','Adobe',620,'KCMK','P.O. Box 239, 6123 Semper Rd.','Belfast','Washington','1630','USA'),('12','Lacus Nulla Tincidunt Corp.','2014-07-21 06:08:59','Brittany Logan','velit. Quisque varius. Nam porttitor scelerisque neque. Nullam nisl. Maecenas','\0','K3Q4P8','$45531.26','(181) 943-3801','445-1266 Vitae Avenue','Whitewater Region Township','Ontario','Norfolk County','USA','1','(295) 667-3288','(546) 595-5331','www.LacusNullaTinciduntCorp..com','Adobe',476,'HXFM','623-1836 Vestibulum Rd.','Orangeville','Valle d\'Aosta','1934','USA'),('13','Posuere LLC','2014-12-30 04:12:17','Roary Campos','et, rutrum non, hendrerit id, ante. Nunc mauris sapien, cursus','','H5K4L3','$02806.92','(304) 542-5380','Ap #405-9041 Sapien, Ave','Belfast','U','Belfast','USA','8','(533) 975-8191','(709) 529-8186','www.PosuereLLC.com','Yahoo',519,'UJPC','235-1162 Aliquam Avenue','Belfast','Emilia-Romagna','43820','USA'),('14','Morbi Inc.','2014-03-19 03:05:13','Lev Baxter','consequat, lectus sit amet luctus vulputate, nisi sem semper erat,','\0','B2V5N2','$50441.44','(788) 780-8934','137-5305 Congue, Rd.','Wagga Wagga','New South Wales','Armidale','USA','3','(887) 810-4699','(540) 666-0337','www.MorbiInc..com','Apple Systems',517,'PLDV','117-5192 Mi. Rd.','Wagga Wagga','Cartago','30-524','USA'),('15','Rhoncus Inc.','2014-10-22 13:17:50','Jade Murphy','et, lacinia vitae, sodales at, velit. Pellentesque ultricies dignissim lacus.','\0','Y5Y4O5','$38264.94','(941) 707-1193','Ap #504-779 Est. St.','Berlin','BE','Berlin','USA','10','(332) 362-4677','(231) 169-6401','www.RhoncusInc..com','Lycos',313,'NBLR','P.O. Box 916, 4375 Risus. Rd.','Berlin','LU','45-157','USA'),('16','Est LLC','2014-12-12 10:37:53','Emi Horn','cursus vestibulum. Mauris magna. Duis dignissim tempor arcu. Vestibulum ut','\0','B0M7X9','$76156.43','(849) 824-2251','6730 Mi Street','Castres','Midi-Pyrénées','Castres','USA','9','(360) 550-8508','(312) 189-2884','www.EstLLC.com','Borland',735,'PSRQ','708-5735 Integer Rd.','Tarbes','Ank','A5L 9X8','USA'),('17','Morbi Neque Tellus Industries','2015-03-07 07:09:35','Eden Landry','enim. Sed nulla ante, iaculis nec, eleifend non, dapibus rutrum,','','J4F4Z8','$51864.78','(903) 103-9916','P.O. Box 526, 4502 Ut, St.','Berlin','BE','Berlin','USA','10','(928) 734-4511','(645) 199-8164','www.MorbiNequeTellusIndustries.com','Yahoo',625,'VRLW','1569 Placerat, Av.','Berlin','Wielkopolskie','87522-250','USA'),('18','Enim Sed Nulla Inc.','2014-03-17 19:18:35','TaShya Martinez','erat semper rutrum. Fusce dolor quam, elementum at, egestas a,','\0','O6U7X5','$19295.94','(133) 539-5723','222-6546 Euismod Street','Kumbakonam','TN','Thanjavur','USA','4','(295) 190-6714','(573) 643-5082','www.EnimSedNullaInc..com','Google',565,'YTIP','Ap #727-9187 Augue, Rd.','Madurai','VIC','987321','USA'),('19','Sit Amet Corp.','2014-09-17 15:20:11','Ezra Crane','tincidunt tempus risus. Donec egestas. Duis ac arcu. Nunc mauris.','','J0K9G5','$50397.91','(861) 410-7842','P.O. Box 752, 4735 Ornare, Rd.','Duque de Caxias','Rio de Janeiro','Petrópolis','USA','3','(818) 975-9919','(267) 491-1933','www.SitAmetCorp..com','Lycos',33,'BCLK','P.O. Box 737, 9827 Etiam St.','Nova Iguaçu','QC','3561','USA'),('2','Tellus Suspendisse Institute','2014-06-13 04:45:02','Reese Cannon','purus mauris a nunc. In at pede. Cras vulputate velit','\0','I4N0X3','$63734.95','(227) 871-3215','2601 Metus. St.','Milestone','Saskatchewan','Canora','USA','9','(136) 554-9550','(759) 538-2413','www.TellusSuspendisseInstitute.com','Borland',331,'CIYA','P.O. Box 965, 6126 In St.','Lloydminster','KD','84262','USA'),('20','Et Commodo Consulting','2015-02-10 01:23:22','Farrah Miller','ut mi. Duis risus odio, auctor vitae, aliquet nec, imperdiet','\0','Q0W4E6','$42336.37','(609) 337-6097','P.O. Box 779, 4721 Arcu. Av.','Istanbul','Istanbul','Istanbul','USA','10','(996) 576-4949','(483) 233-2403','www.EtCommodoConsulting.com','Borland',139,'HPYR','Ap #969-5790 Eu Rd.','Istanbul','KN','29321','USA'),('21','Molestie Orci Tincidunt Company','2015-02-21 22:50:01','Ebony Hodges','Sed auctor odio a purus. Duis elementum, dui quis accumsan','\0','H3A9L4','$11261.38','(298) 885-4676','P.O. Box 597, 202 Egestas St.','San Diego','California','Los Angeles','USA','10','(463) 998-6964','(990) 393-4198','www.MolestieOrciTinciduntCompany.com','Cakewalk',849,'DERQ','Ap #691-5946 Hendrerit Road','Sacramento','Île-de-France','89408','USA'),('22','Lectus Quis Corp.','2014-11-07 21:22:05','Sawyer Holland','ridiculus mus. Proin vel nisl. Quisque fringilla euismod enim. Etiam','','X6I5R7','$86964.46','(620) 523-0726','5551 Amet Rd.','Warszawa','MA','Radom','USA','8','(600) 472-2049','(438) 584-3771','www.LectusQuisCorp..com','Apple Systems',836,'YWTY','Ap #634-1616 Luctus Ave','Warszawa','Louisiana','06636-381','USA'),('23','Consectetuer Mauris Id LLC','2014-10-14 23:11:33','Macey Church','Ut tincidunt orci quis lectus. Nullam suscipit, est ac facilisis','\0','H5T3L5','$74668.15','(109) 475-1633','Ap #733-4812 Fermentum Av.','Smithers','BC','Comox','USA','10','(818) 787-6594','(911) 492-6945','www.ConsectetuerMaurisIdLLC.com','Macromedia',957,'TOFC','P.O. Box 632, 9719 Ipsum Rd.','Cranbrook','Extremadura','V4K 9C4','USA'),('24','Commodo Hendrerit Ltd','2014-10-06 16:34:35','Rose Ellis','rhoncus. Proin nisl sem, consequat nec, mollis vitae, posuere at,','\0','Q1N6K4','$67931.94','(719) 396-8223','P.O. Box 202, 6936 Fusce Rd.','Osasco','SP','Osasco','USA','9','(836) 963-5544','(813) 452-6373','www.CommodoHendreritLtd.com','Chami',248,'KTYE','Ap #706-9414 Ultricies St.','Jundiaí','Connacht','83858','USA'),('25','Elit Pretium Industries','2014-03-29 07:23:27','Macon Herring','ultrices iaculis odio. Nam interdum enim non nisi. Aenean eget','\0','K6D6V9','$68920.33','(567) 845-9091','Ap #608-6575 Morbi Road','Tallahassee','FL','Tampa','USA','10','(454) 573-3966','(600) 857-5322','www.ElitPretiumIndustries.com','Microsoft',424,'TEJN','9497 Montes, Street','Jacksonville','Northwest Territories','63548','USA'),('26','Eu Placerat Eget Company','2014-05-30 00:29:20','Kimberly Dodson','sociis natoque penatibus et magnis dis parturient montes, nascetur ridiculus','','U8S5C4','$79102.70','(172) 298-4297','Ap #515-5562 Lacus. Av.','Brisbane','Queensland','Redlands','USA','9','(578) 877-4619','(661) 403-4027','www.EuPlaceratEgetCompany.com','Apple Systems',316,'TYBV','Ap #982-9359 Aliquam Av.','Townsville','HH','12304','USA'),('27','Pede Blandit Associates','2014-07-07 05:11:50','Colin Webb','dui. Fusce diam nunc, ullamcorper eu, euismod ac, fermentum vel,','','P3R7M6','$47932.74','(149) 521-4462','P.O. Box 182, 1732 Elit, Street','Oostmalle','AN','Hulshout','USA','8','(841) 506-5849','(805) 980-9646','www.PedeBlanditAssociates.com','Lycos',993,'NXFS','240-3357 Nulla Road','Koningshooikt','Andalucía','24665','USA'),('28','Egestas Industries','2015-01-28 01:46:17','Marsden Banks','Etiam imperdiet dictum magna. Ut tincidunt orci quis lectus. Nullam','','W5M2N7','$40164.97','(642) 488-1389','4312 Pretium Rd.','Geelong','Victoria','Melton','USA','1','(789) 156-7581','(247) 472-5104','www.EgestasIndustries.com','Altavista',824,'YSWI','208-265 Aliquet Rd.','Horsham','SI','27077','USA'),('29','Imperdiet Dictum Magna Corporation','2014-04-19 15:36:10','Acton Wade','neque non quam. Pellentesque habitant morbi tristique senectus et netus','','D0A8X0','$26387.83','(917) 227-4188','Ap #887-7579 Nulla Av.','Galway','C','Galway','USA','1','(923) 208-1503','(119) 555-7287','www.ImperdietDictumMagnaCorporation.com','Apple Systems',718,'ETTB','945 Vel Avenue','Galway','LX','76989','USA'),('3','Ridiculus Mus Proin Corp.','2014-07-03 21:31:41','Leslie Alvarez','urna suscipit nonummy. Fusce fermentum fermentum arcu. Vestibulum ante ipsum','\0','X6Q9N5','$48882.10','(776) 828-7768','P.O. Box 664, 7211 Nunc St.','Toledo','CM','Ciudad Real','USA','8','(450) 544-7169','(687) 536-4647','www.RidiculusMusProinCorp..com','Adobe',786,'XQSZ','Ap #413-4231 Nibh. Rd.','Ciudad Real','BC','Q3B 6OK','USA'),('30','Dignissim Pharetra Corp.','2014-08-12 12:09:00','Leah Holder','lobortis risus. In mi pede, nonummy ut, molestie in, tempus','','E1X3C8','$52066.88','(524) 527-8495','345 Massa. Street','Lisciano Niccone','UMB','Norcia','USA','7','(302) 305-5834','(802) 350-8411','www.DignissimPharetraCorp..com','Google',335,'VABB','P.O. Box 394, 7269 Ac St.','Castel Giorgio','Vermont','8098','USA'),('31','Neque Sed LLP','2015-03-04 14:07:51','Shea Underwood','ligula eu enim. Etiam imperdiet dictum magna. Ut tincidunt orci','\0','N1M8K5','$24531.39','(788) 279-6852','Ap #604-8011 Orci. Rd.','Waterloo','WB','Mellery','USA','2','(306) 952-7055','(803) 483-6272','www.NequeSedLLP.com','Lycos',272,'BTGV','531-9158 Sem St.','H?villers','IL','3849','USA'),('32','Eu Dolor Corporation','2014-04-14 00:30:17','Michael Tran','ipsum porta elit, a feugiat tellus lorem eu metus. In','','X6I9V0','$52707.46','(702) 692-5363','Ap #224-6729 Cras Road','São João de Meriti','RJ','Petrópolis','USA','5','(341) 703-5697','(113) 710-8433','www.EuDolorCorporation.com','Google',11,'YJCB','8971 Est. Avenue','Petrópolis','?z','74875','USA'),('33','Luctus Aliquet Incorporated','2014-12-10 11:45:51','Paula Cohen','at, velit. Pellentesque ultricies dignissim lacus. Aliquam rutrum lorem ac','','G9N9Y5','$04217.84','(294) 328-5271','Ap #294-4413 Interdum St.','La Roche-sur-Yon','Pays de la Loire','Le Mans','USA','2','(629) 611-6897','(113) 991-7528','www.LuctusAliquetIncorporated.com','Lavasoft',503,'BIWO','2204 Magnis St.','Saumur','Wie','15-372','USA'),('34','Litora Institute','2014-05-12 08:40:59','Sigourney Ford','nulla. Integer vulputate, risus a ultricies adipiscing, enim mi tempor','','F7C7N3','$96778.89','(157) 218-0361','225-2633 Dapibus Road','Etawah','Uttar Pradesh','Shahjahanpur','USA','3','(297) 844-1452','(494) 690-7707','www.LitoraInstitute.com','Yahoo',8,'CZXP','5903 Semper. Av.','Agra','Maharastra','07-198','USA'),('35','Adipiscing Elit Corporation','2014-07-13 09:25:53','Kareem Snider','interdum enim non nisi. Aenean eget metus. In nec orci.','\0','H6B0I1','$67560.58','(441) 825-8611','Ap #961-1713 Fames St.','Vienna','Wie','Vienna','USA','1','(332) 701-9741','(385) 106-6785','www.AdipiscingElitCorporation.com','Borland',80,'EVYN','Ap #967-7778 Ornare Road','Vienna','LOM','4394','USA'),('36','Purus Accumsan PC','2015-03-05 17:32:30','Victoria Vaughn','pede sagittis augue, eu tempor erat neque non quam. Pellentesque','\0','C6U0Q7','$81067.80','(793) 439-6625','1374 Est Street','Kozhikode','KL','Kozhikode','USA','1','(818) 160-8034','(113) 179-9782','www.PurusAccumsanPC.com','Yahoo',743,'MYXB','735-4886 Leo. Rd.','Palakkad','GJ','620168','USA'),('37','Et Netus Corporation','2014-04-21 14:25:24','Paloma Boone','vel, mauris. Integer sem elit, pharetra ut, pharetra sed, hendrerit','','K9K9I4','$20039.11','(417) 270-6995','7124 Hendrerit Av.','Kielce','SK','Ostrowiec ?wi?tokrzy','USA','1','(673) 529-7742','(920) 162-9693','www.EtNetusCorporation.com','Adobe',113,'KUBS','Ap #427-2155 Facilisis Street','Starachowice','ON','300409','USA'),('38','Massa Mauris Institute','2015-01-18 22:10:42','Octavius Bentley','Fusce mollis. Duis sit amet diam eu dolor egestas rhoncus.','','Q4J6Q9','$32318.50','(345) 302-5092','P.O. Box 437, 502 Ac Rd.','Ottawa','ON','King Township','USA','3','(158) 321-3878','(683) 956-9978','www.MassaMaurisInstitute.com','Cakewalk',875,'UDMG','P.O. Box 564, 2285 Non Street','Gloucester','Ist','6557','USA'),('39','Eget Lacus Mauris Associates','2015-03-06 14:25:05','Guy Obrien','Nunc pulvinar arcu et pede. Nunc sed orci lobortis augue','\0','V9A1V5','$01806.21','(X25) X88-9443','8209 Non Road','Mercedes','Heredia','San Francisco','USA','1','(X25) X48-2220','(X25) X32-5061','www.EgetLacusMaurisAssociates.com','Sibelius',84,'VRMH','P.O. Box 777, 9941 Luctus St.','San Francisco','UP','V5E 5A0','USA'),('4','Cras Vehicula Aliquet Corporation','2014-12-15 16:49:50','Stacey Hampton','egestas lacinia. Sed congue, elit sed consequat auctor, nunc nulla','\0','V8J2V4','$26350.77','(169) 371-1844','882 Vel St.','Victor Harbor','South Australia','Adelaide','USA','6','(359) 174-5164','(890) 685-1583','www.CrasVehiculaAliquetCorporation.com','Microsoft',654,'VZZK','P.O. Box 182, 4091 Nisl Road','Port Pirie','New South Wales','28403-039','USA'),('40','In Nec Limited','2014-04-16 08:08:16','Ariana Mcguire','Nunc ut erat. Sed nunc est, mollis non, cursus non,','\0','R7H4P2','$38651.42','(746) 185-7640','Ap #497-1971 Non St.','Niterói','RJ','Nova Iguaçu','USA','3','(332) 512-9510','(709) 858-0422','www.InNecLimited.com','Sibelius',499,'ZYDM','207 Eu St.','Belford Roxo','New South Wales','3628','USA'),('41','Egestas Ligula Company','2014-05-14 11:29:18','Alexandra Contreras','mauris. Suspendisse aliquet molestie tellus. Aenean egestas hendrerit neque. In','','H0C9S0','$15213.69','(467) 691-2544','Ap #752-1333 Risus. Av.','Brisbane','QLD','Gold Coast','USA','7','(762) 936-0516','(146) 378-8770','www.EgestasLigulaCompany.com','Macromedia',586,'MLPT','Ap #540-5527 Gravida Rd.','Caloundra','IN','70014','USA'),('42','Rutrum Lorem Ac Company','2014-04-29 07:17:44','Aspen Herman','Aenean massa. Integer vitae nibh. Donec est mauris, rhoncus id,','\0','B0F7S7','$35498.29','(505) 575-4680','Ap #385-5482 Litora Road','Gasteiz','Euskadi','Gasteiz','USA','7','(395) 786-2745','(942) 660-4410','www.RutrumLoremAcCompany.com','Finale',635,'XYYS','8227 Egestas. St.','Baracaldo','QLD','52860','USA'),('43','Vestibulum Consulting','2014-03-22 17:55:37','Erich Chandler','sem egestas blandit. Nam nulla magna, malesuada vel, convallis in,','\0','D2G8K0','$14079.01','(886) 718-8114','789-8084 Neque Rd.','Whitewater Region Township','ON','Bath','USA','7','(997) 338-7122','(746) 528-9046','www.VestibulumConsulting.com','Borland',895,'ZCVN','520-8688 Enim. Av.','Ancaster Town','West Bengal','5782','USA'),('44','Lorem Foundation','2015-01-08 11:33:48','Jacob Howard','justo. Praesent luctus. Curabitur egestas nunc sed libero. Proin sed','','S7T4O5','$85821.41','(318) 896-2899','9454 Hendrerit Avenue','Galway','C','Galway','USA','2','(938) 631-4871','(641) 149-2631','www.LoremFoundation.com','Sibelius',101,'NRPD','P.O. Box 771, 3524 Aliquam St.','Galway','Madrid','5196','USA'),('45','Gravida Sagittis Associates','2014-05-10 22:08:48','Blaine Berry','nibh. Phasellus nulla. Integer vulputate, risus a ultricies adipiscing, enim','','Y0V0N9','$58624.58','(717) 213-4159','P.O. Box 804, 9073 Hendrerit Road','North Vancouver','British Columbia','Duncan','USA','6','(488) 986-9442','(495) 918-9148','www.GravidaSagittisAssociates.com','Cakewalk',507,'WJFD','P.O. Box 912, 5433 Feugiat Av.','Langford','Vienna','74638','USA'),('46','Netus Et PC','2015-01-10 09:32:44','Moses Holcomb','aliquam iaculis, lacus pede sagittis augue, eu tempor erat neque','\0','Y0Q5Q2','$52089.37','(956) 632-0068','102-1626 Phasellus Rd.','Wroc?aw','DS','Legnica','USA','8','(832) 450-2398','(953) 476-2694','www.NetusEtPC.com','Google',615,'AUEM','1640 Sapien. Av.','Jelenia Góra','L','72987-884','USA'),('47','Integer Vulputate Incorporated','2014-05-10 13:58:28','Susan Cooper','tellus, imperdiet non, vestibulum nec, euismod in, dolor. Fusce feugiat.','','C3P6E8','$00366.13','(644) 334-6405','7122 Aliquet Street','St. Petersburg','FL','Tampa','USA','1','(131) 876-6920','(995) 348-3669','www.IntegerVulputateIncorporated.com','Lycos',289,'OGGU','9941 In, Rd.','Orlando','Podlaskie','8553','USA'),('48','Sodales Nisi Magna Corp.','2014-11-17 21:41:41','Mary Richards','purus. Maecenas libero est, congue a, aliquet vel, vulputate eu,','\0','K6F9R7','$11312.97','(284) 202-0932','357-3697 Vehicula St.','Portland','ME','Lewiston','USA','6','(638) 430-5434','(884) 119-3310','www.SodalesNisiMagnaCorp..com','Microsoft',923,'TLMR','3121 Penatibus Rd.','South Portland','JI','2612','USA'),('49','Nunc Consulting','2014-07-06 20:03:09','Kylan Merrill','erat vitae risus. Duis a mi fringilla mi lacinia mattis.','\0','R7B5W4','$22345.33','(972) 827-1098','219 Aliquam Rd.','Bremerhaven','Bremen','Bremen','USA','10','(940) 363-9814','(597) 368-5539','www.NuncConsulting.com','Chami',665,'MAKY','883 Orci Rd.','Bremen','Minas Gerais','21905','USA'),('5','Vel Faucibus Foundation','2015-03-15 14:16:05','Gisela Horne','a neque. Nullam ut nisi a odio semper cursus. Integer','','C7Q7M8','$83515.75','(337) 544-2867','717-733 Egestas. Road','Cherain','Luxemburg','Jamoigne','USA','10','(936) 622-5576','(268) 950-1161','www.VelFaucibusFoundation.com','Cakewalk',186,'DSLA','623-9726 Tempus Road','Villers-la-Loue','CA','14791','USA'),('50','Id Ante Corporation','2014-08-07 10:21:54','Karleigh Orr','dis parturient montes, nascetur ridiculus mus. Proin vel arcu eu','','T0I1F8','$96073.64','(554) 783-9209','633-1320 Tristique Rd.','Vienna','Wie','Vienna','USA','10','(988) 246-2575','(564) 598-8495','www.IdAnteCorporation.com','Borland',458,'VJZF','Ap #883-3123 Sed Rd.','Vienna','Lagos','64176','USA'),('51','Mattis Integer Incorporated','2014-08-26 06:58:28','Bethany Mccarty','dolor, tempus non, lacinia at, iaculis quis, pede. Praesent eu','\0','Q1V6V8','$93627.46','(836) 883-7933','1961 Quisque St.','Missoula','Montana','Butte','USA','8','(967) 392-2573','(401) 163-0080','www.MattisIntegerIncorporated.com','Yahoo',992,'GIFL','258-6240 Justo St.','Billings','Alajuela','56467','USA'),('52','Gravida Mauris LLC','2014-10-11 09:08:46','Cara Rosario','ipsum ac mi eleifend egestas. Sed pharetra, felis eget varius','\0','S1L2U5','$63611.26','(597) 512-8539','520-4201 Semper. Street','Saint-Louis','Alsace','Saint-Louis','USA','4','(104) 278-3574','(568) 272-2212','www.GravidaMaurisLLC.com','Macromedia',302,'WCMI','P.O. Box 270, 9731 Feugiat Ave','Mulhouse','Minnesota','55072','USA'),('53','Vitae Velit Egestas PC','2014-06-29 00:07:40','Noelle Sullivan','et ultrices posuere cubilia Curae; Phasellus ornare. Fusce mollis. Duis','','Q1P6O2','$91832.08','(X24) X13-9514','922-8493 Diam St.','Alajuela','A','Quesada','USA','4','(X24) X13-2184','(X24) X35-9451','www.VitaeVelitEgestasPC.com','Finale',730,'DLPT','Ap #277-3678 Eros. Rd.','Quesada','Arizona','7884','USA'),('54','Sollicitudin Adipiscing PC','2014-12-22 12:11:39','Julie Fuller','nec, cursus a, enim. Suspendisse aliquet, sem ut cursus luctus,','\0','S7N9E1','$14454.90','(565) 858-3245','863-6456 Sem Rd.','Zwevegem','West-Vlaanderen','Moerkerke','USA','2','(731) 777-6743','(186) 915-2491','www.SollicitudinAdipiscingPC.com','Finale',236,'BWLJ','Ap #123-6051 Magna. Rd.','Aartrijke','North Island','P90 0MJ','USA'),('55','Nisi Cum Sociis Inc.','2014-05-12 19:35:18','Keelie Pollard','risus varius orci, in consequat enim diam vel arcu. Curabitur','\0','U6R4V4','$88405.04','(571) 970-7723','5609 Eu Rd.','Galway','C','Galway','USA','4','(578) 620-8560','(466) 797-5361','www.NisiCumSociisInc..com','Yahoo',596,'QRXO','Ap #288-7854 Lacinia. Rd.','Galway','North Island','70721-036','USA'),('56','Diam Inc.','2014-05-12 09:19:20','Curran Pratt','aliquet. Proin velit. Sed malesuada augue ut lacus. Nulla tincidunt,','\0','F0Y6X4','$65756.61','(578) 202-3900','P.O. Box 289, 8639 Lacinia Avenue','Chapadinha','Maranhão','Caxias','USA','7','(555) 925-5716','(766) 680-0585','www.DiamInc..com','Google',345,'ENPR','P.O. Box 309, 7490 Eros St.','Paço do Lumiar','NE','XT6V 0XT','USA'),('57','Adipiscing Enim Industries','2014-07-07 09:42:49','Kadeem Holland','a felis ullamcorper viverra. Maecenas iaculis aliquet diam. Sed diam','','D9J5L9','$44705.61','(768) 502-2218','Ap #206-7724 Facilisis Ave','Bludenz','Vbg','Höchst','USA','3','(891) 163-1227','(593) 949-3024','www.AdipiscingEnimIndustries.com','Borland',373,'KTDO','177-1932 Duis Street','Lustenau','CV','44835','USA'),('58','Magna Foundation','2014-05-17 21:28:31','Raya Hansen','risus. Duis a mi fringilla mi lacinia mattis. Integer eu','\0','V9T5S8','$22332.90','(661) 196-6325','Ap #679-7500 Mus. St.','Kenosha','Wisconsin','Milwaukee','USA','5','(670) 110-7519','(316) 771-9460','www.MagnaFoundation.com','Lycos',708,'KLPG','653-4299 Sed, St.','Madison','EX','18531','USA'),('59','Lectus Convallis Est LLP','2015-03-11 04:57:15','Jameson Mathis','elit pede, malesuada vel, venenatis vel, faucibus id, libero. Donec','','W5M3V7','$21479.64','(977) 246-9144','Ap #466-9256 Amet Street','Dutse','Jigawa','Dutse','USA','2','(184) 400-4052','(382) 106-5660','www.LectusConvallisEstLLP.com','Altavista',739,'QSGO','Ap #412-3334 Semper Street','Dutse','Centre','34924','USA'),('6','Leo Cras Ltd','2014-09-07 03:26:56','Thor Valencia','leo. Morbi neque tellus, imperdiet non, vestibulum nec, euismod in,','','S6F4M6','$40769.02','(942) 428-9849','Ap #853-4390 Quis Av.','Vienna','Wie','Vienna','USA','4','(673) 192-6386','(338) 496-2104','www.LeoCrasLtd.com','Apple Systems',727,'KXPR','759-5323 At Avenue','Vienna','L','50766-559','USA'),('60','Ligula Eu Enim PC','2015-02-27 10:25:24','Quin Hart','sodales. Mauris blandit enim consequat purus. Maecenas libero est, congue','','Y7C0Z1','$69924.34','(350) 910-3831','Ap #936-4274 Sed Ave','Bridgeport','Connecticut','New Haven','USA','4','(821) 299-2153','(641) 892-4634','www.LigulaEuEnimPC.com','Apple Systems',25,'DARM','P.O. Box 195, 4962 Placerat Street','Waterbury','Henegouwen','444200','USA'),('61','Litora Torquent Per Associates','2014-05-27 03:51:43','Virginia Barber','convallis ligula. Donec luctus aliquet odio. Etiam ligula tortor, dictum','\0','Z3C6Q6','$13309.71','(427) 407-1440','P.O. Box 486, 3421 In, St.','Belfast','U','Belfast','USA','10','(725) 631-2692','(591) 474-9693','www.LitoraTorquentPerAssociates.com','Altavista',254,'ANQG','Ap #952-6179 Et Street','Belfast','DN','1024','USA'),('62','Libero Et LLP','2014-07-24 06:37:45','Noah Jensen','ut dolor dapibus gravida. Aliquam tincidunt, nunc ac mattis ornare,','\0','D2W2W7','$93648.10','(518) 854-0327','Ap #978-8193 Amet Avenue','Belfast','Ulster','Belfast','USA','4','(737) 467-0034','(773) 173-2190','www.LiberoEtLLP.com','Altavista',328,'GDEC','543-8152 Integer St.','Belfast','Wie','Z1H 9FT','USA'),('63','Turpis Nec Institute','2014-10-10 17:18:44','Kibo Walter','ultricies sem magna nec quam. Curabitur vel lectus. Cum sociis','\0','E5E7U8','$36571.93','(658) 998-6429','665-4837 Odio St.','Wolkrange','LX','Toernich','USA','8','(256) 536-4522','(921) 218-9328','www.TurpisNecInstitute.com','Cakewalk',590,'HPWX','101-1383 Luctus Rd.','Tintange','RS','XX7 4ZW','USA'),('64','Ipsum LLP','2015-01-08 13:16:16','Kitra Chandler','dolor dapibus gravida. Aliquam tincidunt, nunc ac mattis ornare, lectus','\0','R2E2G5','$28514.50','(771) 708-9375','Ap #400-8249 Maecenas Street','Galway','C','Galway','USA','5','(586) 833-0061','(603) 477-3120','www.IpsumLLP.com','Macromedia',526,'KIIP','P.O. Box 602, 6112 Phasellus Rd.','Galway','NSW','NR29 3GM','USA'),('65','Amet Foundation','2014-04-03 05:28:20','Hanae Clemons','nec, eleifend non, dapibus rutrum, justo. Praesent luctus. Curabitur egestas','\0','J3N1E2','$23610.89','(413) 343-4776','6004 Laoreet Rd.','Huissen','Gelderland','Tiel','USA','7','(175) 224-2577','(261) 220-4665','www.AmetFoundation.com','Adobe',152,'HBPZ','9356 Varius St.','Culemborg','Andhra Pradesh','11905','USA'),('66','Non Corp.','2014-11-23 10:37:29','Illiana Rosa','augue ut lacus. Nulla tincidunt, neque vitae semper egestas, urna','','C0H2L0','$80862.17','(540) 866-4723','Ap #811-4422 Tempus Road','Pi?a','Wielkopolskie','Pozna?','USA','2','(385) 456-6601','(384) 239-0291','www.NonCorp..com','Macromedia',87,'ILCO','910-4063 In Ave','Pozna?','Comunitat Valenciana','6078','USA'),('67','Rutrum Inc.','2014-12-31 02:04:32','Illana Cooper','lacinia orci, consectetuer euismod est arcu ac orci. Ut semper','','U9T1L7','$48414.56','(519) 272-2326','9082 Tellus. Street','Gisborne','North Island','Tauranga','USA','8','(494) 320-3786','(444) 646-7680','www.RutrumInc..com','Sibelius',585,'MHZI','P.O. Box 293, 5367 Malesuada Avenue','Kawerau','Wie','W5R 7SZ','USA'),('68','Diam Sed Limited','2014-11-17 19:15:14','Yvonne Peters','elit, pellentesque a, facilisis non, bibendum sed, est. Nunc laoreet','\0','V9M9D5','$47280.59','(653) 363-3746','P.O. Box 938, 5789 Molestie. Road','Nanterre','Île-de-France','Aulnay-sous-Bois','USA','9','(692) 419-6992','(963) 591-6268','www.DiamSedLimited.com','Lycos',127,'CTRZ','250-7284 Pellentesque Rd.','Argenteuil','West-Vlaanderen','T6 6FO','USA'),('69','Euismod Est Arcu Corp.','2015-02-28 21:02:01','Zoe Mckinney','Nam interdum enim non nisi. Aenean eget metus. In nec','','W4E5M4','$06856.44','(341) 318-9186','Ap #157-8161 Et Avenue','Molenbeersel','L.','Alken','USA','1','(959) 996-7523','(419) 185-0433','www.EuismodEstArcuCorp..com','Altavista',639,'HWRT','Ap #212-5280 Quam Road','Neerrepen','Vienna','61903','USA'),('7','Nullam Industries','2014-12-25 13:59:57','Kirk Graham','dictum mi, ac mattis velit justo nec ante. Maecenas mi','\0','A7E6X2','$10035.89','(882) 132-3780','Ap #420-1242 Non, Ave','Broken Hill','New South Wales','Grafton','USA','3','(134) 933-0292','(504) 602-6415','www.NullamIndustries.com','Sibelius',74,'LLIP','Ap #628-5887 Pede Road','Liverpool','Vienna','928960','USA'),('70','Elit Aliquam Auctor Inc.','2015-01-06 08:59:24','Renee Macdonald','eu odio tristique pharetra. Quisque ac libero nec ligula consectetuer','\0','A3B3P2','$45158.05','(X24) X90-6851','383-9716 Sodales St.','Quesada','Alajuela','Alajuela','USA','2','(X24) X45-4359','(X24) X92-9230','www.ElitAliquamAuctorInc..com','Chami',988,'MFXJ','P.O. Box 671, 2223 Ornare Avenue','Alajuela','Luik','04604','USA'),('71','Cursus PC','2014-05-30 06:19:17','Reece Witt','turpis. Nulla aliquet. Proin velit. Sed malesuada augue ut lacus.','\0','Z3F2Q6','$92446.38','(627) 958-9223','P.O. Box 103, 9738 Metus. Rd.','Dunkerque','NO','Boulogne-sur-Mer','USA','7','(908) 357-3157','(204) 551-3660','www.CursusPC.com','Cakewalk',395,'ECFE','Ap #126-8707 Hymenaeos. St.','Wattrelos','Noord Holland','30243','USA'),('72','Ut Inc.','2014-06-10 10:03:05','Melissa House','purus, in molestie tortor nibh sit amet orci. Ut sagittis','\0','F5S5U3','$55859.46','(727) 679-9898','P.O. Box 584, 6965 Iaculis Avenue','Baie-Saint-Paul','Quebec','Caplan','USA','4','(368) 910-8107','(807) 150-7371','www.UtInc..com','Macromedia',694,'VQKV','P.O. Box 216, 191 Tellus, St.','La Matap?dia','Aquitaine','47186','USA'),('73','Eu Euismod Industries','2014-07-11 00:24:45','Ross Russell','non justo. Proin non massa non ante bibendum ullamcorper. Duis','\0','X4E6J4','$75600.73','(439) 366-4303','3273 Sed, Street','St. Thomas','ON','Windsor','USA','4','(802) 677-7687','(751) 808-2653','www.EuEuismodIndustries.com','Microsoft',744,'BXDE','7269 Lobortis, Ave','Pickering','Montana','7417','USA'),('74','Nisl Quisque Fringilla Company','2014-12-13 04:38:06','Genevieve Cochran','porttitor scelerisque neque. Nullam nisl. Maecenas malesuada fringilla est. Mauris','','B9Y1Q7','$75597.21','(330) 341-7935','P.O. Box 361, 1397 Fusce Av.','Orai','Uttar Pradesh','Bahraich','USA','1','(270) 502-6394','(764) 843-3533','www.NislQuisqueFringillaCompany.com','Lavasoft',832,'HAMS','Ap #535-1141 Dis St.','Hapur','Heredia','1327','USA'),('75','Quam LLP','2014-11-29 12:11:44','Vera Hardin','ac mattis semper, dui lectus rutrum urna, nec luctus felis','','R7G0Q4','$68621.09','(X27) X22-2794','P.O. Box 146, 7127 Aliquam Av.','Barranca','P','Puntarenas','USA','3','(X27) X05-3003','(X27) X14-7408','www.QuamLLP.com','Borland',509,'RXRH','P.O. Box 503, 2641 Sit Rd.','Puntarenas','North Island','94818','USA'),('76','Eleifend Vitae LLC','2014-05-30 10:29:48','Kieran Wilson','iaculis aliquet diam. Sed diam lorem, auctor quis, tristique ac,','','K0X3C2','$88431.93','(993) 128-7802','684-6280 Fermentum St.','Vienna','Wie','Vienna','USA','10','(124) 388-0025','(191) 286-3976','www.EleifendVitaeLLC.com','Microsoft',156,'LPLI','P.O. Box 940, 5825 Nullam St.','Vienna','Hesse','3134','USA'),('77','Et Consulting','2015-01-13 06:26:13','Astra Bernard','mus. Aenean eget magna. Suspendisse tristique neque venenatis lacus. Etiam','\0','R8C1B3','$82789.92','(401) 239-5993','6861 Fusce Avenue','Vienna','Vienna','Vienna','USA','9','(777) 764-2526','(222) 718-6654','www.EtConsulting.com','Cakewalk',598,'SCTO','Ap #781-5652 Feugiat Rd.','Vienna','Toscana','TB0 7LB','USA'),('78','Donec Consectetuer Mauris Company','2014-04-09 09:29:30','Raphael Thompson','nec ante. Maecenas mi felis, adipiscing fringilla, porttitor vulputate, posuere','','N6U8U5','$39163.85','(754) 130-1821','Ap #127-9364 Dignissim Av.','Nurda??','Gaz','Nizip','USA','8','(609) 315-4713','(957) 438-9814','www.DonecConsectetuerMaurisCompany.com','Lavasoft',33,'OWCA','4797 Pretium Road','Araban','Emilia-Romagna','10063','USA'),('79','Cursus In Limited','2014-09-22 13:53:00','Byron Dorsey','Integer tincidunt aliquam arcu. Aliquam ultrices iaculis odio. Nam interdum','','Z4G0G0','$29876.06','(217) 586-9817','Ap #847-6847 Vitae Avenue','Inverurie','AB','Peterhead','USA','4','(568) 249-7559','(363) 105-5288','www.CursusInLimited.com','Apple Systems',457,'BXAY','P.O. Box 782, 1064 At St.','Ellon','SK','458658','USA'),('8','Neque Nullam Ut Corp.','2014-03-28 00:28:42','Illiana Fernandez','Cum sociis natoque penatibus et magnis dis parturient montes, nascetur','\0','S1A2Y1','$50352.93','(977) 266-6312','299-1530 Auctor, Ave','Szczecin','Zachodniopomorskie','Szczecin','USA','2','(936) 361-1663','(845) 400-9787','www.NequeNullamUtCorp..com','Altavista',95,'FBHE','1922 Malesuada Avenue','Stargard Szczeci?ski','New South Wales','76438','USA'),('80','Et Netus Et Foundation','2014-11-29 09:09:39','Gavin Camacho','quam. Curabitur vel lectus. Cum sociis natoque penatibus et magnis','','M3W4U6','$81062.34','(834) 205-9316','Ap #194-1211 Mollis St.','Ciudad Real','Castilla - La Mancha','Albacete','USA','3','(781) 561-2676','(684) 883-0977','www.EtNetusEtFoundation.com','Macromedia',229,'KWBY','P.O. Box 211, 9349 Per Av.','Guadalajara','Uttar Pradesh','614717','USA'),('81','Orci Sem Consulting','2015-01-26 07:54:55','Rosalyn Collier','mi. Duis risus odio, auctor vitae, aliquet nec, imperdiet nec,','','A6S7N7','$64008.00','(382) 461-1783','P.O. Box 514, 2141 Pretium Street','Minitonas','MB','Brandon','USA','5','(177) 868-1044','(691) 384-0033','www.OrciSemConsulting.com','Macromedia',125,'YXMF','P.O. Box 944, 2165 Cum Av.','Winnipeg','British Columbia','5273PH','USA'),('82','Vitae Orci Corporation','2014-05-07 06:03:43','Reagan Bernard','sed, hendrerit a, arcu. Sed et libero. Proin mi. Aliquam','\0','G2X1F7','$06786.45','(467) 145-9552','872-9217 Nunc St.','Dutse','Jigawa','Dutse','USA','1','(513) 299-9377','(700) 707-5450','www.VitaeOrciCorporation.com','Chami',616,'OFWN','8299 Porttitor Av.','Dutse','WB','12-036','USA'),('83','Feugiat Placerat Associates','2015-03-11 06:14:38','Carla Ellis','lorem ut aliquam iaculis, lacus pede sagittis augue, eu tempor','\0','Q7Z8H8','$94758.54','(294) 276-1376','2375 Nisl Ave','Saintes','PO','Châtellerault','USA','10','(429) 602-1488','(402) 929-9257','www.FeugiatPlaceratAssociates.com','Apple Systems',712,'VYKB','8509 Diam St.','Niort','California','61601','USA'),('84','Praesent PC','2014-05-21 02:51:27','Quail Moses','semper, dui lectus rutrum urna, nec luctus felis purus ac','\0','O1B4T3','$77917.45','(257) 679-3468','Ap #242-2119 Mauris Av.','Bauchi','Bauchi','Bauchi','USA','10','(478) 809-0693','(527) 319-2853','www.PraesentPC.com','Microsoft',167,'UIAC','1274 Libero Rd.','Bauchi','Wie','AD4Q 1UG','USA'),('85','Mattis Cras Eget Consulting','2014-08-15 02:41:55','Diana Montgomery','ac orci. Ut semper pretium neque. Morbi quis urna. Nunc','','E4P1N2','$70477.38','(547) 470-6051','Ap #547-2134 Quis Ave','Las Palmas','CN','San Cristóbal de la ','USA','4','(214) 420-5201','(190) 681-1649','www.MattisCrasEgetConsulting.com','Google',288,'PKDM','P.O. Box 720, 3181 Orci St.','Telde','Ontario','26564','USA'),('86','Orci Quis Lectus Ltd','2015-01-14 05:47:48','Lawrence Hansen','ante dictum mi, ac mattis velit justo nec ante. Maecenas','\0','C9X5M8','$22764.62','(471) 613-3275','2741 Sodales St.','Helena','Montana','Billings','USA','7','(278) 858-7043','(866) 342-4595','www.OrciQuisLectusLtd.com','Yahoo',139,'XJTP','P.O. Box 262, 5378 Diam. St.','Bozeman','BR','456489','USA'),('87','Lobortis Ultrices Corporation','2014-08-22 19:04:16','Kibo Hansen','porta elit, a feugiat tellus lorem eu metus. In lorem.','\0','P7D0A0','$05230.03','(335) 105-3999','Ap #473-4988 Sed Street','Unnao','Uttar Pradesh','Mirzapur-cum-Vindhya','USA','4','(437) 360-9707','(355) 689-0855','www.LobortisUltricesCorporation.com','Chami',196,'RSNQ','P.O. Box 787, 3501 Nibh St.','Maunath Bhanjan','Carinthia','75135','USA'),('88','Cras Sed Leo Limited','2014-11-18 11:45:44','Jackson Mclaughlin','ultricies ligula. Nullam enim. Sed nulla ante, iaculis nec, eleifend','\0','P5N6K8','$96961.63','(258) 367-8491','4921 Turpis. Av.','Vanier','ON','Guelph','USA','10','(380) 430-4433','(611) 182-7607','www.CrasSedLeoLimited.com','Google',613,'HZXX','Ap #431-6025 Suscipit, Rd.','East Gwillimbury','Konya','78296','USA'),('89','Nec Ligula Consectetuer Consulting','2014-05-27 04:17:41','Deanna Ellis','feugiat. Lorem ipsum dolor sit amet, consectetuer adipiscing elit. Aliquam','\0','H3H2H6','$42296.47','(436) 834-5887','220-388 Sem Av.','Thorold','Ontario','Welland','USA','1','(720) 989-9755','(366) 215-8636','www.NecLigulaConsectetuerConsulting.com','Chami',627,'RVDD','418-241 Pellentesque St.','Malahide','?a','L4T 7S8','USA'),('9','Nullam Scelerisque Neque Associates','2014-04-20 20:08:02','Zenia Grimes','quis diam. Pellentesque habitant morbi tristique senectus et netus et','\0','P6W7Y2','$20657.14','(252) 858-4437','Ap #407-2958 Quis, Road','Newbury','Ontario','Norfolk County','USA','2','(494) 663-8217','(347) 790-2929','www.NullamScelerisqueNequeAssociates.com','Microsoft',249,'XQNL','P.O. Box 880, 7137 Nullam Rd.','Vaughan','Sl?skie','331944','USA'),('90','Semper Pretium Ltd','2015-01-31 18:01:13','Daniel Fischer','porttitor scelerisque neque. Nullam nisl. Maecenas malesuada fringilla est. Mauris','','C8Y3L8','$33503.80','(203) 145-3920','528-8656 Molestie Road','Dublin','L','Dublin','USA','3','(310) 166-9463','(611) 999-9196','www.SemperPretiumLtd.com','Chami',954,'WVYG','Ap #665-7639 Fermentum Ave','Dublin','Wie','61418','USA'),('900','Clear CRM','0000-00-00 00:00:00','Ahmed Alamer','CRM software provider','','Software','500000','203-543-9232','197 Main St','Stamford','CT','06901','USA','100','203-690-9092','203-690-9092','www.clearcrm.com',NULL,NULL,'NONE','197 Main St','Stamford','CT','06901','USA'),('91','Sed Institute','2014-12-27 17:40:09','Ria Parker','nulla. Integer urna. Vivamus molestie dapibus ligula. Aliquam erat volutpat.','','M9X7D6','$61537.64','(373) 112-5438','4307 Felis Road','Senneville','Quebec','Jonqui?re','USA','10','(724) 143-2073','(831) 660-9307','www.SedInstitute.com','Borland',819,'BLGZ','Ap #625-8112 Ipsum. Ave','Pierrefonds','MP','0539CO','USA'),('92','Pellentesque Sed Dictum Associates','2015-01-13 20:47:36','Zia Odonnell','nulla vulputate dui, nec tempus mauris erat eget ipsum. Suspendisse','','H9B5X0','$48616.49','(394) 197-8769','5007 Arcu. St.','Murray Bridge','SA','Port Lincoln','USA','5','(655) 160-5719','(407) 284-9534','www.PellentesqueSedDictumAssociates.com','Google',639,'TFVG','6238 Enim. Av.','Port Lincoln','BE','51498','USA'),('93','Elit Nulla Facilisi Company','2015-01-20 06:49:56','Hector Park','tempus non, lacinia at, iaculis quis, pede. Praesent eu dui.','','H5X4R5','$41172.09','(706) 472-8873','P.O. Box 409, 7377 Integer Avenue','Neath','Glamorgan','Barry','USA','2','(391) 822-0816','(426) 209-5979','www.ElitNullaFacilisiCompany.com','Sibelius',36,'ELZL','P.O. Box 118, 5116 Integer St.','Barry','SK','H9R 6YC','USA'),('94','Integer LLC','2014-05-21 01:56:21','Ella Dillon','et malesuada fames ac turpis egestas. Fusce aliquet magna a','\0','O9C2L2','$59216.94','(516) 572-4548','Ap #555-9520 Dolor. Rd.','Pincher Creek','Alberta','Fahler','USA','1','(198) 433-4070','(682) 325-8409','www.IntegerLLC.com','Cakewalk',940,'LXGC','P.O. Box 453, 2628 Eget, Road','Vilna','BC','8563YO','USA'),('95','Fames Ac Turpis Associates','2014-09-28 22:32:33','Velma Cardenas','nascetur ridiculus mus. Proin vel nisl. Quisque fringilla euismod enim.','','H0H6O5','$91399.01','(993) 135-4211','311-4279 Aliquet Road','Angers','Pays de la Loire','Cholet','USA','2','(130) 930-3143','(614) 704-7373','www.FamesAcTurpisAssociates.com','Finale',973,'EVDL','2875 Fermentum Rd.','Cholet','HH','8793','USA'),('96','Purus In Industries','2014-05-30 14:10:22','Lucy Humphrey','rutrum magna. Cras convallis convallis dolor. Quisque tincidunt pede ac','','C7P7X0','$61567.04','(763) 246-5793','452-9208 In Rd.','Spijkenisse','Zuid Holland','Zoetermeer','USA','10','(270) 760-1330','(799) 497-9066','www.PurusInIndustries.com','Finale',568,'CWXN','P.O. Box 270, 4745 Nec Rd.','Spijkenisse','N.','168133','USA'),('97','Porttitor Associates','2015-03-06 20:42:43','Henry Olson','Class aptent taciti sociosqu ad litora torquent per conubia nostra,','\0','V2D8V6','$43724.35','(477) 561-1579','Ap #276-649 Ut Ave','Tomaszów Mazowiecki','LD','Pabianice','USA','10','(968) 558-4892','(511) 246-9808','www.PorttitorAssociates.com','Finale',294,'MMFR','P.O. Box 189, 6675 Dui St.','?ód?','Angus','7079','USA'),('98','Morbi Tristique LLP','2015-01-25 10:25:22','Nash Calhoun','orci. Ut sagittis lobortis mauris. Suspendisse aliquet molestie tellus. Aenean','\0','R2I7Z3','$31425.46','(842) 929-5187','6303 Eu Av.','Manukau','North Island','Thames','USA','10','(687) 633-7986','(380) 286-4380','www.MorbiTristiqueLLP.com','Chami',146,'KHPC','Ap #662-6740 Quisque Ave','Napier','Hamburg','28510','USA'),('99','Dolor PC','2014-09-27 13:08:26','Nathan Brooks','vulputate eu, odio. Phasellus at augue id ante dictum cursus.','','D5A7J7','$75400.53','(815) 688-9868','3287 Justo. Street','Dutse','JI','Dutse','USA','1','(494) 289-6685','(825) 445-9106','www.DolorPC.com','Yahoo',419,'CAKF','P.O. Box 970, 8243 Senectus St.','Dutse','CE','3234','USA');
/*!40000 ALTER TABLE `account` ENABLE KEYS */;
UNLOCK TABLES;

--
-- Table structure for table `account_contact`
--

DROP TABLE IF EXISTS `account_contact`;
/*!40101 SET @saved_cs_client     = @@character_set_client */;
/*!40101 SET character_set_client = utf8 */;
CREATE TABLE `account_contact` (
  `accountId` char(36) NOT NULL,
  `contactId` char(36) NOT NULL,
  PRIMARY KEY (`accountId`,`contactId`),
  KEY `contactId` (`contactId`),
  CONSTRAINT `account_contact_ibfk_1` FOREIGN KEY (`accountId`) REFERENCES `account` (`id`),
  CONSTRAINT `account_contact_ibfk_2` FOREIGN KEY (`contactId`) REFERENCES `contact` (`id`)
) ENGINE=InnoDB DEFAULT CHARSET=latin1;
/*!40101 SET character_set_client = @saved_cs_client */;

--
-- Dumping data for table `account_contact`
--

LOCK TABLES `account_contact` WRITE;
/*!40000 ALTER TABLE `account_contact` DISABLE KEYS */;
INSERT INTO `account_contact` VALUES ('1','1'),('10','10'),('100','100'),('11','11'),('12','12'),('13','13'),('14','14'),('15','15'),('16','16'),('17','17'),('18','18'),('19','19'),('2','2'),('20','20'),('21','21'),('22','22'),('23','23'),('24','24'),('25','25'),('26','26'),('27','27'),('28','28'),('29','29'),('3','3'),('30','30'),('31','31'),('32','32'),('33','33'),('34','34'),('35','35'),('36','36'),('37','37'),('38','38'),('39','39'),('4','4'),('40','40'),('41','41'),('42','42'),('43','43'),('44','44'),('45','45'),('46','46'),('47','47'),('48','48'),('49','49'),('5','5'),('50','50'),('51','51'),('52','52'),('53','53'),('54','54'),('55','55'),('56','56'),('57','57'),('58','58'),('59','59'),('6','6'),('60','60'),('61','61'),('62','62'),('63','63'),('64','64'),('65','65'),('66','66'),('67','67'),('68','68'),('69','69'),('7','7'),('70','70'),('71','71'),('72','72'),('73','73'),('74','74'),('75','75'),('76','76'),('77','77'),('78','78'),('79','79'),('8','8'),('80','80'),('81','81'),('82','82'),('83','83'),('84','84'),('85','85'),('86','86'),('87','87'),('88','88'),('89','89'),('9','9'),('90','90'),('91','91'),('92','92'),('93','93'),('94','94'),('95','95'),('96','96'),('97','97'),('98','98'),('99','99');
/*!40000 ALTER TABLE `account_contact` ENABLE KEYS */;
UNLOCK TABLES;

--
-- Table structure for table `account_product`
--

DROP TABLE IF EXISTS `account_product`;
/*!40101 SET @saved_cs_client     = @@character_set_client */;
/*!40101 SET character_set_client = utf8 */;
CREATE TABLE `account_product` (
  `accountId` char(36) NOT NULL,
  `productId` char(36) NOT NULL,
  PRIMARY KEY (`accountId`,`productId`),
  KEY `productId` (`productId`),
  CONSTRAINT `account_product_ibfk_1` FOREIGN KEY (`accountId`) REFERENCES `account` (`id`),
  CONSTRAINT `account_product_ibfk_2` FOREIGN KEY (`productId`) REFERENCES `product` (`id`)
) ENGINE=InnoDB DEFAULT CHARSET=latin1;
/*!40101 SET character_set_client = @saved_cs_client */;

--
-- Dumping data for table `account_product`
--

LOCK TABLES `account_product` WRITE;
/*!40000 ALTER TABLE `account_product` DISABLE KEYS */;
INSERT INTO `account_product` VALUES ('1','Bond'),('16','Bond'),('27','Bond'),('3','Bond'),('33','Bond'),('36','Bond'),('42','Bond'),('77','Bond'),('8','Bond'),('83','Bond'),('94','Bond'),('21','CDO'),('22','CDO'),('35','CDO'),('4','CDO'),('42','CDO'),('52','CDO'),('69','CDO'),('71','CDO'),('76','CDO'),('88','CDO'),('9','CDO'),('15','Exotic'),('19','Exotic'),('22','Exotic'),('25','Exotic'),('29','Exotic'),('34','Exotic'),('4','Exotic'),('5','Exotic'),('51','Exotic'),('52','Exotic'),('59','Exotic'),('60','Exotic'),('62','Exotic'),('66','Exotic'),('77','Exotic'),('80','Exotic'),('81','Exotic'),('83','Exotic'),('84','Exotic'),('89','Exotic'),('90','Exotic'),('99','Exotic'),('1','Stock'),('13','Stock'),('32','Stock'),('36','Stock'),('46','Stock'),('52','Stock'),('65','Stock'),('74','Stock'),('76','Stock'),('85','Stock'),('86','Stock');
/*!40000 ALTER TABLE `account_product` ENABLE KEYS */;
UNLOCK TABLES;

--
-- Table structure for table `calls`
--

DROP TABLE IF EXISTS `calls`;
/*!40101 SET @saved_cs_client     = @@character_set_client */;
/*!40101 SET character_set_client = utf8 */;
CREATE TABLE `calls` (
  `id` int(10) NOT NULL AUTO_INCREMENT,
  `callTime` datetime DEFAULT NULL,
  `blog` text,
  `durationHours` int(2) DEFAULT NULL,
  `durationMinutes` int(2) DEFAULT NULL,
  `direction` varchar(100) DEFAULT NULL,
  PRIMARY KEY (`id`)
) ENGINE=InnoDB AUTO_INCREMENT=102 DEFAULT CHARSET=latin1;
/*!40101 SET character_set_client = @saved_cs_client */;

--
-- Dumping data for table `calls`
--

LOCK TABLES `calls` WRITE;
/*!40000 ALTER TABLE `calls` DISABLE KEYS */;
INSERT INTO `calls` VALUES (1,'2014-07-21 02:31:17','ligula consectetuer rhoncus. Nullam velit dui, semper et, lacinia vitae,',6,59,'Inbound'),(2,'2014-01-27 22:29:53','hendrerit id, ante. Nunc mauris sapien, cursus in, hendrerit consectetuer,',8,58,'Outbound'),(3,'2013-12-31 11:51:50','ante dictum cursus. Nunc mauris elit, dictum eu, eleifend nec,',9,35,'Outbound'),(4,'2015-01-02 21:03:19','justo faucibus lectus, a sollicitudin orci sem eget massa. Suspendisse',4,45,'Outbound'),(5,'2014-12-18 09:24:48','nec mauris blandit mattis. Cras eget nisi dictum augue malesuada',4,46,'Inbound'),(6,'2014-10-29 16:37:38','mi felis, adipiscing fringilla, porttitor vulputate, posuere vulputate, lacus. Cras',10,10,'Inbound'),(7,'2013-08-06 18:26:40','nascetur ridiculus mus. Proin vel arcu eu odio tristique pharetra.',8,20,'Inbound'),(8,'2014-10-12 05:25:55','amet nulla. Donec non justo. Proin non massa non ante',10,34,'Outbound'),(9,'2014-04-24 17:21:22','hendrerit id, ante. Nunc mauris sapien, cursus in, hendrerit consectetuer,',9,38,'Outbound'),(10,'2014-09-15 09:08:30','massa. Integer vitae nibh. Donec est mauris, rhoncus id, mollis',1,4,'Inbound'),(11,'2014-11-21 09:05:36','Mauris vestibulum, neque sed dictum eleifend, nunc risus varius orci,',9,30,'Outbound'),(12,'2013-03-30 04:29:49','orci. Donec nibh. Quisque nonummy ipsum non arcu. Vivamus sit',3,57,'Outbound'),(13,'2014-05-20 15:57:30','Maecenas mi felis, adipiscing fringilla, porttitor vulputate, posuere vulputate, lacus.',4,36,'Inbound'),(14,'2013-05-23 10:34:01','aliquet vel, vulputate eu, odio. Phasellus at augue id ante',3,19,'Inbound'),(15,'2015-02-18 02:44:43','egestas lacinia. Sed congue, elit sed consequat auctor, nunc nulla',3,10,'Outbound'),(16,'2013-07-09 22:07:18','faucibus orci luctus et ultrices posuere cubilia Curae; Donec tincidunt.',4,17,'Outbound'),(17,'2013-04-22 03:15:56','consequat purus. Maecenas libero est, congue a, aliquet vel, vulputate',10,44,'Outbound'),(18,'2014-12-19 19:53:31','pulvinar arcu et pede. Nunc sed orci lobortis augue scelerisque',7,9,'Inbound'),(19,'2013-11-11 08:24:30','rutrum urna, nec luctus felis purus ac tellus. Suspendisse sed',2,22,'Inbound'),(20,'2014-02-28 05:21:04','dictum eu, placerat eget, venenatis a, magna. Lorem ipsum dolor',11,49,'Inbound'),(21,'2014-01-14 00:57:05','dapibus gravida. Aliquam tincidunt, nunc ac mattis ornare, lectus ante',5,4,'Inbound'),(22,'2014-06-23 20:52:55','cursus. Nunc mauris elit, dictum eu, eleifend nec, malesuada ut,',4,47,'Inbound'),(23,'2014-08-25 21:09:52','ac mattis semper, dui lectus rutrum urna, nec luctus felis',6,16,'Outbound'),(24,'2014-07-31 08:50:48','Ut tincidunt orci quis lectus. Nullam suscipit, est ac facilisis',12,7,'Inbound'),(25,'2014-04-07 12:58:43','eget, ipsum. Donec sollicitudin adipiscing ligula. Aenean gravida nunc sed',10,12,'Outbound'),(26,'2013-08-31 05:49:12','Duis dignissim tempor arcu. Vestibulum ut eros non enim commodo',10,38,'Inbound'),(27,'2014-02-27 09:27:05','et magnis dis parturient montes, nascetur ridiculus mus. Proin vel',4,6,'Inbound'),(28,'2013-12-09 20:07:25','iaculis odio. Nam interdum enim non nisi. Aenean eget metus.',8,7,'Outbound'),(29,'2013-05-28 15:39:58','sapien, gravida non, sollicitudin a, malesuada id, erat. Etiam vestibulum',4,46,'Outbound'),(30,'2014-02-24 01:14:26','porttitor vulputate, posuere vulputate, lacus. Cras interdum. Nunc sollicitudin commodo',5,4,'Inbound'),(31,'2014-04-19 06:57:35','ac libero nec ligula consectetuer rhoncus. Nullam velit dui, semper',4,11,'Outbound'),(32,'2013-03-08 23:25:18','sollicitudin orci sem eget massa. Suspendisse eleifend. Cras sed leo.',2,12,'Outbound'),(33,'2013-09-17 20:14:12','placerat eget, venenatis a, magna. Lorem ipsum dolor sit amet,',12,29,'Inbound'),(34,'2013-07-18 04:55:38','urna et arcu imperdiet ullamcorper. Duis at lacus. Quisque purus',9,19,'Inbound'),(35,'2013-11-12 14:54:57','eget nisi dictum augue malesuada malesuada. Integer id magna et',8,42,'Inbound'),(36,'2013-03-18 10:53:48','nulla. Integer vulputate, risus a ultricies adipiscing, enim mi tempor',1,52,'Outbound'),(37,'2014-09-30 06:41:50','urna et arcu imperdiet ullamcorper. Duis at lacus. Quisque purus',4,55,'Outbound'),(38,'2014-06-27 23:13:58','erat volutpat. Nulla facilisis. Suspendisse commodo tincidunt nibh. Phasellus nulla.',4,58,'Inbound'),(39,'2013-05-07 17:43:15','turpis egestas. Aliquam fringilla cursus purus. Nullam scelerisque neque sed',5,31,'Inbound'),(40,'2013-03-10 08:29:56','mi. Duis risus odio, auctor vitae, aliquet nec, imperdiet nec,',2,56,'Outbound'),(41,'2013-03-13 03:39:20','Cum sociis natoque penatibus et magnis dis parturient montes, nascetur',11,53,'Inbound'),(42,'2015-03-02 15:38:01','egestas blandit. Nam nulla magna, malesuada vel, convallis in, cursus',2,5,'Inbound'),(43,'2014-01-25 10:48:31','bibendum. Donec felis orci, adipiscing non, luctus sit amet, faucibus',7,14,'Inbound'),(44,'2013-06-19 00:36:41','Duis cursus, diam at pretium aliquet, metus urna convallis erat,',8,34,'Outbound'),(45,'2013-08-07 02:42:17','Aliquam rutrum lorem ac risus. Morbi metus. Vivamus euismod urna.',2,15,'Outbound'),(46,'2014-10-20 18:26:37','purus. Duis elementum, dui quis accumsan convallis, ante lectus convallis',2,1,'Inbound'),(47,'2013-12-31 08:02:26','dapibus id, blandit at, nisi. Cum sociis natoque penatibus et',2,5,'Inbound'),(48,'2014-10-09 01:17:55','sapien imperdiet ornare. In faucibus. Morbi vehicula. Pellentesque tincidunt tempus',10,19,'Inbound'),(49,'2014-01-14 09:26:15','Aliquam rutrum lorem ac risus. Morbi metus. Vivamus euismod urna.',1,52,'Outbound'),(50,'2014-05-04 03:45:02','nostra, per inceptos hymenaeos. Mauris ut quam vel sapien imperdiet',1,15,'Outbound'),(51,'2014-03-26 18:04:32','aliquet vel, vulputate eu, odio. Phasellus at augue id ante',11,57,'Inbound'),(52,'2014-03-05 05:12:56','Morbi non sapien molestie orci tincidunt adipiscing. Mauris molestie pharetra',10,33,'Outbound'),(53,'2014-05-07 06:18:07','nunc nulla vulputate dui, nec tempus mauris erat eget ipsum.',10,36,'Inbound'),(54,'2015-02-14 13:57:33','Curae; Phasellus ornare. Fusce mollis. Duis sit amet diam eu',11,7,'Inbound'),(55,'2014-02-20 12:13:26','enim. Etiam gravida molestie arcu. Sed eu nibh vulputate mauris',10,18,'Outbound'),(56,'2014-12-14 01:28:54','nulla at sem molestie sodales. Mauris blandit enim consequat purus.',10,11,'Inbound'),(57,'2013-08-24 19:45:13','Praesent interdum ligula eu enim. Etiam imperdiet dictum magna. Ut',7,8,'Inbound'),(58,'2013-12-23 06:25:32','non dui nec urna suscipit nonummy. Fusce fermentum fermentum arcu.',12,58,'Inbound'),(59,'2013-03-29 10:30:50','dapibus id, blandit at, nisi. Cum sociis natoque penatibus et',5,47,'Inbound'),(60,'2014-12-08 05:10:39','ipsum leo elementum sem, vitae aliquam eros turpis non enim.',5,22,'Outbound'),(61,'2013-07-16 19:16:25','per conubia nostra, per inceptos hymenaeos. Mauris ut quam vel',8,11,'Inbound'),(62,'2014-08-28 21:36:50','posuere vulputate, lacus. Cras interdum. Nunc sollicitudin commodo ipsum. Suspendisse',6,8,'Inbound'),(63,'2014-07-04 01:14:39','adipiscing fringilla, porttitor vulputate, posuere vulputate, lacus. Cras interdum. Nunc',12,20,'Outbound'),(64,'2014-04-26 00:22:36','iaculis, lacus pede sagittis augue, eu tempor erat neque non',11,21,'Outbound'),(65,'2014-05-31 00:44:59','Maecenas mi felis, adipiscing fringilla, porttitor vulputate, posuere vulputate, lacus.',12,4,'Inbound'),(66,'2014-03-29 03:13:39','velit eu sem. Pellentesque ut ipsum ac mi eleifend egestas.',7,39,'Outbound'),(67,'2014-11-28 13:38:55','feugiat non, lobortis quis, pede. Suspendisse dui. Fusce diam nunc,',6,50,'Inbound'),(68,'2014-07-06 19:02:51','eget massa. Suspendisse eleifend. Cras sed leo. Cras vehicula aliquet',2,4,'Inbound'),(69,'2014-09-12 12:01:17','tellus id nunc interdum feugiat. Sed nec metus facilisis lorem',3,10,'Inbound'),(70,'2013-10-22 23:53:15','ac urna. Ut tincidunt vehicula risus. Nulla eget metus eu',4,24,'Outbound'),(71,'2014-10-03 00:09:03','enim. Nunc ut erat. Sed nunc est, mollis non, cursus',10,34,'Inbound'),(72,'2014-02-18 16:08:14','volutpat. Nulla facilisis. Suspendisse commodo tincidunt nibh. Phasellus nulla. Integer',4,24,'Outbound'),(73,'2013-04-22 16:53:58','egestas. Duis ac arcu. Nunc mauris. Morbi non sapien molestie',10,51,'Outbound'),(74,'2014-09-29 22:41:29','nisi dictum augue malesuada malesuada. Integer id magna et ipsum',10,49,'Inbound'),(75,'2014-09-30 16:54:09','ut odio vel est tempor bibendum. Donec felis orci, adipiscing',12,39,'Outbound'),(76,'2014-10-09 23:00:30','scelerisque scelerisque dui. Suspendisse ac metus vitae velit egestas lacinia.',1,13,'Inbound'),(77,'2014-01-22 00:29:12','lacus. Aliquam rutrum lorem ac risus. Morbi metus. Vivamus euismod',2,59,'Inbound'),(78,'2013-06-21 07:01:10','vel, venenatis vel, faucibus id, libero. Donec consectetuer mauris id',10,24,'Inbound'),(79,'2013-10-25 20:52:48','id sapien. Cras dolor dolor, tempus non, lacinia at, iaculis',11,31,'Inbound'),(80,'2013-05-08 04:38:43','a, arcu. Sed et libero. Proin mi. Aliquam gravida mauris',6,11,'Inbound'),(81,'2014-03-07 00:13:01','tincidunt, nunc ac mattis ornare, lectus ante dictum mi, ac',10,38,'Outbound'),(82,'2015-03-07 22:37:24','molestie tortor nibh sit amet orci. Ut sagittis lobortis mauris.',5,26,'Inbound'),(83,'2014-06-24 00:26:15','amet, dapibus id, blandit at, nisi. Cum sociis natoque penatibus',11,24,'Outbound'),(84,'2013-09-13 05:00:45','risus, at fringilla purus mauris a nunc. In at pede.',7,15,'Inbound'),(85,'2013-10-28 20:52:18','adipiscing lobortis risus. In mi pede, nonummy ut, molestie in,',7,27,'Inbound'),(86,'2013-12-26 19:29:23','malesuada malesuada. Integer id magna et ipsum cursus vestibulum. Mauris',12,50,'Outbound'),(87,'2013-04-20 11:30:26','est tempor bibendum. Donec felis orci, adipiscing non, luctus sit',3,27,'Inbound'),(88,'2014-01-02 02:20:09','dapibus rutrum, justo. Praesent luctus. Curabitur egestas nunc sed libero.',10,23,'Outbound'),(89,'2014-10-29 16:43:52','nibh. Phasellus nulla. Integer vulputate, risus a ultricies adipiscing, enim',8,35,'Outbound'),(90,'2013-05-14 02:10:17','adipiscing elit. Aliquam auctor, velit eget laoreet posuere, enim nisl',4,58,'Inbound'),(91,'2013-09-01 15:38:14','ac urna. Ut tincidunt vehicula risus. Nulla eget metus eu',4,40,'Outbound'),(92,'2014-06-29 14:11:00','feugiat. Sed nec metus facilisis lorem tristique aliquet. Phasellus fermentum',12,22,'Inbound'),(93,'2013-05-25 17:11:49','Curabitur dictum. Phasellus in felis. Nulla tempor augue ac ipsum.',11,18,'Inbound'),(94,'2013-07-08 21:47:26','ultricies sem magna nec quam. Curabitur vel lectus. Cum sociis',12,51,'Inbound'),(95,'2013-06-26 23:10:49','aptent taciti sociosqu ad litora torquent per conubia nostra, per',1,37,'Outbound'),(96,'2015-02-13 09:16:43','et magnis dis parturient montes, nascetur ridiculus mus. Donec dignissim',7,22,'Outbound'),(97,'2015-02-01 13:40:15','bibendum. Donec felis orci, adipiscing non, luctus sit amet, faucibus',10,23,'Inbound'),(98,'2013-06-21 10:17:41','fringilla. Donec feugiat metus sit amet ante. Vivamus non lorem',12,53,'Inbound'),(99,'2013-10-22 13:02:54','ornare placerat, orci lacus vestibulum lorem, sit amet ultricies sem',11,39,'Inbound'),(100,'2013-10-19 17:51:10','bibendum sed, est. Nunc laoreet lectus quis massa. Mauris vestibulum,',9,8,'Outbound'),(101,'0000-00-00 00:00:00','Sales',0,15,'out');
/*!40000 ALTER TABLE `calls` ENABLE KEYS */;
UNLOCK TABLES;

--
-- Table structure for table `contact`
--

DROP TABLE IF EXISTS `contact`;
/*!40101 SET @saved_cs_client     = @@character_set_client */;
/*!40101 SET character_set_client = utf8 */;
CREATE TABLE `contact` (
  `id` char(36) NOT NULL,
  `saluation` varchar(225) DEFAULT NULL,
  `firstName` varchar(100) NOT NULL,
  `lastName` varchar(100) NOT NULL,
  `title` varchar(100) NOT NULL,
  `department` varchar(225) DEFAULT NULL,
  `doNotCall` bit(1) DEFAULT NULL,
  `dateEntered` datetime NOT NULL,
  `referredBy` varchar(150) NOT NULL,
  `leadSource` varchar(100) DEFAULT NULL,
  `leadSourceDescription` text,
  `descripton` text,
  `active` bit(1) NOT NULL DEFAULT b'1',
  `lead` bit(1) NOT NULL DEFAULT b'0',
  `mobile` varchar(100) DEFAULT NULL,
  `phoneWork` varchar(100) DEFAULT NULL,
  `fax` varchar(100) DEFAULT NULL,
  `emailAddress` varchar(200) DEFAULT NULL,
  `assistant` varchar(100) DEFAULT NULL,
  `primaryAddressStreet` varchar(150) DEFAULT NULL,
  `primaryAddressState` varchar(100) DEFAULT NULL,
  `primaryAddressCity` varchar(100) DEFAULT NULL,
  `primaryAddressZipcode` varchar(20) DEFAULT NULL,
  `primaryAddressCountry` varchar(225) DEFAULT NULL,
  `shippingAddressStreet` varchar(150) DEFAULT NULL,
  `shippingAddressState` varchar(100) NOT NULL,
  `shippingAddressCity` varchar(100) NOT NULL,
  `shippingAddressZipcode` varchar(20) DEFAULT NULL,
  `shippingAddressCountry` varchar(225) NOT NULL DEFAULT 'United States',
  PRIMARY KEY (`id`)
) ENGINE=InnoDB DEFAULT CHARSET=latin1;
/*!40101 SET character_set_client = @saved_cs_client */;

--
-- Dumping data for table `contact`
--

LOCK TABLES `contact` WRITE;
/*!40000 ALTER TABLE `contact` DISABLE KEYS */;
INSERT INTO `contact` VALUES ('1','Mr.','Leigh','Small','Director','Asset Management','\0','2014-02-24 19:59:17','Raya Collier','Sales Call','Nullam lobortis quam a felis ullamcorper viverra. Maecenas iaculis aliquet',NULL,'','','(902) 669-6971','(462) 839-2754','(709) 771-7612','condimentum.eget@ametconsectetueradipiscing.edu','Randall Salas','Ap #279-8712 A Street','BO','Maiduguri','VM6J 0YB','USA','P.O. Box 653, 8820 Consectetuer, Street','San José','Maiduguri','21491-414','USA'),('10','Mr.','Rhoda','Wilcox','Director','Finances','','2014-05-02 11:52:37','Timon Berg','Trade Show','semper cursus. Integer mollis. Integer tincidunt aliquam arcu. Aliquam ultrices',NULL,'','\0','(345) 364-9796','(280) 311-8947','(199) 264-4648','sem.consequat.nec@Craslorem.edu','Demetrius Bauer','851-4552 Tincidunt Street','AK','Ketchikan','99689','USA','5547 Magna. St.','Ist','Fairbanks','8908','USA'),('100','Ms.','Geraldine','Kemp','Account Manager','Advertising','','2013-03-15 09:33:57','Sacha Nguyen','Trade Show','aliquam eros turpis non enim. Mauris quis turpis vitae purus',NULL,'','\0','(606) 297-4307','(903) 989-2712','(648) 772-7933','Nullam.lobortis.quam@luctusfelispurus.com','Adrian Bruce','2004 At Street','BU','Rothesay','70610','USA','285-8116 Nunc Ave','LU','Millport','54450-212','USA'),('11','Ms.','Ashton','Clements','Director','Advertising','','2014-09-16 05:59:17','Scarlett Keller','Conference','nibh vulputate mauris sagittis placerat. Cras dictum ultricies ligula. Nullam',NULL,'','','(701) 857-6099','(861) 747-2717','(311) 858-5302','purus.gravida@velarcu.edu','Abbot Rice','941-6212 Luctus. Av.','SI','Dunedin','80417','USA','P.O. Box 270, 4512 Sem St.','Castilla y León','Invercargill','81-049','USA'),('12','Mrs.','Eliana','Richards','VP','Human Resources','','2013-09-07 06:43:24','Devin Hendricks','Sales Call','fermentum convallis ligula. Donec luctus aliquet odio. Etiam ligula tortor,',NULL,'\0','','(254) 989-4272','(181) 333-9166','(894) 860-3199','metus@FuscemollisDuis.co.uk','Kirby Joyce','Ap #719-4331 Dui Avenue','NSW','Queanbeyan','990938','USA','211-2884 Varius Av.','CO','Liverpool','66095','USA'),('13','Mr.','Shoshana','Acevedo','VP','Advertising','','2014-04-09 22:29:29','Savannah Schmidt','Conference','ultricies sem magna nec quam. Curabitur vel lectus. Cum sociis',NULL,'\0','','(520) 488-8650','(250) 874-4762','(225) 340-6120','massa.Suspendisse@Integertincidunt.ca','Celeste Dillard','Ap #168-6723 Tempor Ave','New South Wales','Goulburn','8161CF','USA','7210 Mattis. Av.','MO','Grafton','L4R 3L9','USA'),('14','Mr.','Uta','Bradley','Head','Public Relations','','2014-07-04 04:01:42','Rhonda Guy','Trade Show','dapibus gravida. Aliquam tincidunt, nunc ac mattis ornare, lectus ante',NULL,'','','(181) 569-5574','(430) 750-2640','(973) 357-1214','arcu@Nullamvelit.com','Gregory Singleton','275-2772 Nunc. Ave','N.','Oosterhout','31717','USA','439-354 Accumsan Rd.','Sicilia','Heusden','11052','USA'),('15','','Anne','Preston','Account Manager','Asset Management','','2013-11-29 19:28:58','Merrill Bruce','Sales Call','dolor, nonummy ac, feugiat non, lobortis quis, pede. Suspendisse dui.',NULL,'','\0','(565) 326-9068','(131) 425-2278','(667) 855-9408','non.luctus.sit@ullamcorperviverra.co.uk','Patrick Harvey','688-2294 Proin Rd.','Northwest Territories','Fort Resolution','72-610','USA','4053 Phasellus Avenue','California','Enterprise','214638','USA'),('16','Ms.','Phyllis','Bender','Head','Finances','','2013-10-20 09:38:51','Eve Noble','Trade Show','vel est tempor bibendum. Donec felis orci, adipiscing non, luctus',NULL,'\0','\0','(132) 812-1207','(417) 723-8407','(121) 609-8059','interdum.ligula@justo.com','Marsden Valenzuela','P.O. Box 290, 8666 Sed Rd.','Maharastra','Solapur','29-748','USA','999-4893 Tristique Av.','Kujawsko-pomorskie','Jalgaon','3583','USA'),('17','Mr.','Christopher','Stanley','Account Manager','Legal Department','','2014-01-19 17:44:26','Felicia Foster','Conference','auctor, nunc nulla vulputate dui, nec tempus mauris erat eget',NULL,'','','(172) 108-9304','(880) 386-3037','(381) 123-1574','sem.Pellentesque.ut@cursusvestibulum.org','Alden Ryan','5783 Purus. St.','HH','Hamburg','61278-396','USA','Ap #254-386 Integer Road','MA','Hamburg','861696','USA'),('18','Mrs.','Silas','Sheppard','Head','Quality Assurance','','2014-08-24 12:18:37','Martina Koch','Trade Show','sociis natoque penatibus et magnis dis parturient montes, nascetur ridiculus',NULL,'\0','\0','(417) 503-3748','(944) 235-0285','(625) 696-8140','metus.sit@euismodet.net','Mona Manning','928-1737 Nam Ave','Noord Holland','Amstelveen','5150','USA','619-5329 Cursus Road','Alajuela','Hilversum','3609','USA'),('19','Dr.','Blythe','Lester','Director','Sales and Marketing','','2013-12-27 16:29:54','Samuel Bush','Sales Call','eu odio tristique pharetra. Quisque ac libero nec ligula consectetuer',NULL,'\0','\0','(330) 865-2178','(244) 244-5909','(587) 521-0955','et@Etiam.co.uk','Orla Fisher','974-8565 Velit Avenue','WB','Halisahar','95638','USA','Ap #753-796 In Ave','Cartago','Bhatpara','28734','USA'),('2','','Lamar','Talley','Head','Payroll','','2013-05-20 19:12:20','Felix Clayton','Sales Call','egestas lacinia. Sed congue, elit sed consequat auctor, nunc nulla',NULL,'','\0','(542) 124-8684','(814) 305-6693','(872) 620-6969','euismod.mauris.eu@Phasellusvitaemauris.net','Akeem Campos','P.O. Box 950, 5862 Lacus. St.','Murcia','Murcia','41-905','USA','Ap #752-6659 Erat. Rd.','Languedoc-Roussillon','Cartagena','LW2H 6HE','USA'),('20','Ms.','Autumn','Estrada','Director','Accounting','','2014-11-20 09:49:49','Gage Stanton','Trade Show','lorem ac risus. Morbi metus. Vivamus euismod urna. Nullam lobortis',NULL,'','','(424) 757-1446','(569) 253-9242','(982) 213-7066','Nam.ligula@mitemporlorem.net','Maggy Lambert','416-2687 Ac Rd.','Cornwall','Bodmin','2970WV','USA','265-2633 Cras St.','Saarland','Truro','4732','USA'),('21','Ms.','Quynn','Shaw','Director','Accounting','','2015-03-13 02:36:42','Honorato Sutton','Trade Show','tincidunt aliquam arcu. Aliquam ultrices iaculis odio. Nam interdum enim',NULL,'','','(800) 235-5042','(217) 232-3211','(644) 444-7316','eu.ligula@fermentum.co.uk','Wyoming Richmond','1049 Diam. Street','Extremadura','Cáceres','HM1 2XK','USA','3477 Arcu. St.','Ist','Badajoz','47-108','USA'),('22','','Haviva','Boyer','VP','Accounting','','2014-01-19 01:07:27','Troy Alexander','Sales Call','urna suscipit nonummy. Fusce fermentum fermentum arcu. Vestibulum ante ipsum',NULL,'\0','\0','(379) 973-7670','(525) 850-1094','(917) 563-2114','nec.eleifend@euodiotristique.net','Lacy Lester','2237 Pede Street','LU','Che?m','4371MN','USA','P.O. Box 574, 6274 Tempor Rd.','NI','Bia?a Podlaska','378753','USA'),('23','Mr.','Bo','Hutchinson','VP','Customer Relations','','2015-02-02 04:38:02','Lacota Berry','Sales Call','tortor, dictum eu, placerat eget, venenatis a, magna. Lorem ipsum',NULL,'','\0','(121) 729-3668','(641) 738-3333','(200) 228-4382','et.euismod@utquamvel.edu','Quinlan Rowe','3471 Curabitur Ave','CT','Bridgeport','9773','USA','525-9599 Blandit Av.','São Paulo','Bridgeport','5545','USA'),('24','','Nita','Pace','Account Manager','Advertising','','2014-03-20 10:34:37','Jesse Wynn','Conference','porta elit, a feugiat tellus lorem eu metus. In lorem.',NULL,'','','(975) 473-9926','(619) 199-1344','(248) 734-7420','Mauris@luctusetultrices.net','Berk Jenkins','Ap #431-2271 Vulputate Ave','Gl','Nijkerk','7677','USA','Ap #932-4271 Non, Road','Vermont','Huissen','9444ZB','USA'),('25','','Kellie','Mathis','Director','Human Resources','','2014-03-24 18:30:27','Vincent Webster','Sales Call','id risus quis diam luctus lobortis. Class aptent taciti sociosqu',NULL,'','\0','(470) 128-1424','(345) 813-5269','(666) 867-5085','ipsum.dolor@non.net','Signe Ellis','441-487 Feugiat St.','NI','Palmerston North','93785','USA','P.O. Box 730, 2190 Aliquet Road','MO','Palmerston North','99-695','USA'),('26','','Unity','Barlow','Head','Finances','','2013-06-04 18:17:42','Remedios Mckenzie','Sales Call','hendrerit a, arcu. Sed et libero. Proin mi. Aliquam gravida',NULL,'','','(272) 840-8100','(534) 311-8139','(127) 936-3369','sit.amet.luctus@penatibus.edu','Adam Daniels','230-8238 Dui. St.','Piemonte','Ghislarengo','1426','USA','889-2644 Nulla Avenue','Carmarthenshire','Olivola','69-868','USA'),('27','','Maryam','Oneal','Account Manager','Public Relations','','2015-02-16 14:26:51','Daphne Church','Trade Show','quam a felis ullamcorper viverra. Maecenas iaculis aliquet diam. Sed',NULL,'\0','','(705) 740-6182','(297) 308-5564','(121) 972-8071','non.vestibulum@Aenean.edu','Daniel Sheppard','P.O. Box 774, 3175 Velit Av.','NI','Porirua','B2V 1J7','USA','P.O. Box 857, 5632 Aenean Ave','Zachodniopomorskie','Dannevirke','96097','USA'),('28','','Quinn','Thomas','Director','Finances','','2013-05-31 00:44:13','Nehru Pate','Conference','ligula. Nullam enim. Sed nulla ante, iaculis nec, eleifend non,',NULL,'\0','','(407) 183-7974','(468) 401-4982','(273) 167-6357','Maecenas.iaculis.aliquet@Maecenaslibero.edu','Galena Dillon','Ap #235-4309 Vitae St.','GJ','Junagadh','69708','USA','Ap #850-7821 Lobortis St.','Guanacaste','Bhavnagar','5083','USA'),('29','Mr.','Victor','Cooley','VP','Payroll','','2014-07-19 06:12:29','Yolanda Goff','Trade Show','iaculis aliquet diam. Sed diam lorem, auctor quis, tristique ac,',NULL,'','','(505) 514-4521','(691) 752-1071','(577) 133-8919','tempor.lorem@nonegestas.co.uk','Summer Lindsey','Ap #241-3348 Imperdiet Avenue','?ódzkie','Piotrków Trybunalski','65-261','USA','868-4903 Nonummy St.','OH','Tomaszów Mazowiecki','45002','USA'),('3','Mrs.','Brennan','Burke','Head','Legal Department','','2015-02-03 05:35:43','Branden Ellison','Conference','metus facilisis lorem tristique aliquet. Phasellus fermentum convallis ligula. Donec',NULL,'\0','\0','(690) 424-5699','(324) 157-5146','(549) 881-2074','mollis.lectus@auctor.edu','Zahir Gallagher','P.O. Box 890, 3112 Odio Avenue','TX','Houston','117865','USA','6851 Arcu St.','VEN','Houston','93975-139','USA'),('30','','Barclay','Bentley','Director','Customer Relations','','2014-04-04 04:57:47','Scarlett Adams','Trade Show','diam. Sed diam lorem, auctor quis, tristique ac, eleifend vitae,',NULL,'\0','\0','(X24) X43-5984','(X24) X17-7294','(X24) X28-7413','non.enim.commodo@anteNunc.co.uk','Derek Hughes','P.O. Box 274, 9898 Fringilla. St.','Alajuela','San Rafael','76638','USA','8788 Eget St.','Ontario','San José de Alajuela','55-055','USA'),('31','Ms.','Anastasia','Buckner','Head','Legal Department','','2014-09-26 05:54:16','Austin Combs','Conference','egestas lacinia. Sed congue, elit sed consequat auctor, nunc nulla',NULL,'\0','','(931) 697-8873','(293) 208-8839','(424) 183-3419','mauris@diamSed.co.uk','Clayton Elliott','P.O. Box 640, 2141 Diam Avenue','North Island','Whangarei','X4R 6P8','USA','317-8489 Malesuada Ave','TN','Wanganui','8474','USA'),('32','Mr.','Maile','Langley','VP','Tech Support','','2013-12-13 11:32:03','Sylvia Henson','Conference','tincidunt orci quis lectus. Nullam suscipit, est ac facilisis facilisis,',NULL,'','\0','(106) 719-6181','(119) 774-7762','(887) 553-3024','lacus@loremac.edu','Alice Mathews','5758 Lorem, Avenue','Centre','Châteauroux','6527','USA','P.O. Box 782, 3634 Vulputate, Avenue','PIE','Orléans','69745','USA'),('33','Dr.','Amal','Vazquez','Head','Research and Development','','2015-03-01 10:42:40','Tana Reynolds','Sales Call','netus et malesuada fames ac turpis egestas. Fusce aliquet magna',NULL,'','','(456) 608-8539','(710) 151-4023','(755) 493-7649','tristique@metus.co.uk','Guy Mccall','915-8252 Gravida Rd.','QC','Baie-Comeau','71698','USA','P.O. Box 489, 5613 Sem Ave','Northumberland','Labrecque','955488','USA'),('34','Ms.','Hadassah','Rowland','Account Manager','Sales and Marketing','','2013-12-17 08:23:58','Glenna Miller','Trade Show','Mauris quis turpis vitae purus gravida sagittis. Duis gravida. Praesent',NULL,'\0','','(456) 996-3744','(927) 666-6331','(913) 645-3629','velit.eget@loremacrisus.ca','Rinah Mcgee','155-2890 Nulla Road','British Columbia','Stewart','40901','USA','Ap #528-2829 Pulvinar Road','Wielkopolskie','Coquitlam','406704','USA'),('35','Mr.','Stuart','England','Account Manager','Accounting','','2014-02-05 12:43:24','Cherokee Pittman','Sales Call','fermentum fermentum arcu. Vestibulum ante ipsum primis in faucibus orci',NULL,'','','(480) 859-9237','(930) 214-3020','(201) 630-5526','mauris.Morbi@Mauris.ca','Griffith Graham','Ap #122-2240 Magna Rd.','North Island','Hawera','FP9 5PX','USA','P.O. Box 503, 633 Tortor, Rd.','SAR','Kapiti','360669','USA'),('36','Ms.','Veronica','Morse','Head','Accounting','','2014-11-25 13:47:59','Noelani Mccoy','Conference','Nunc laoreet lectus quis massa. Mauris vestibulum, neque sed dictum',NULL,'','\0','(101) 158-1538','(923) 542-4948','(961) 284-6343','non@Duisac.net','Aileen Conway','7867 Aenean Av.','OK','Lawton','186706','USA','P.O. Box 158, 1499 Et, Street','Pennsylvania','Lawton','97-476','USA'),('37','Ms.','Lunea','Boyer','VP','Human Resources','','2014-12-16 05:01:31','Azalia Gay','Sales Call','In mi pede, nonummy ut, molestie in, tempus eu, ligula.',NULL,'','\0','(706) 874-8719','(443) 474-8404','(870) 727-4806','semper.egestas@posuere.edu','Aristotle Cantu','377-1387 Adipiscing Av.','GA','Athens','51601','USA','P.O. Box 359, 1937 Sodales Road','Noord Holland','Atlanta','05287','USA'),('38','','Michelle','Fuller','Account Manager','Quality Assurance','','2014-07-30 16:10:33','Quail Joyce','Conference','amet, consectetuer adipiscing elit. Curabitur sed tortor. Integer aliquam adipiscing',NULL,'','\0','(108) 233-6573','(404) 998-3252','(255) 320-6705','et@neccursus.net','Anastasia Santiago','9450 Et Avenue','Lazio','Alvito','4907','USA','P.O. Box 582, 8608 Sagittis. Road','Bal?kesir','Roma','9977','USA'),('39','Ms.','Stone','Ford','Head','Customer Service','','2013-06-25 21:43:57','Fulton Bailey','Sales Call','cursus luctus, ipsum leo elementum sem, vitae aliquam eros turpis',NULL,'\0','','(457) 962-5076','(523) 162-8465','(173) 737-4013','eleifend.Cras.sed@fringillaestMauris.org','Yoshio Lowery','104-7552 Fringilla Av.','Vienna','Vienna','49865','USA','946-8204 Massa. St.','Madrid','Vienna','9765','USA'),('4','Ms.','Hop','Greer','VP','Accounting','','2014-10-27 15:40:58','Allegra Saunders','Trade Show','Sed pharetra, felis eget varius ultrices, mauris ipsum porta elit,',NULL,'\0','','(477) 120-5065','(480) 855-3226','(657) 623-8188','congue@sagittis.ca','Unity Cruz','137-9033 Non Ave','ES','Brentwood','69-386','USA','8581 Odio St.','Saxony','West Ham','EI24 1OM','USA'),('40','Mr.','Mariko','Morin','Head','Sales and Marketing','','2014-07-07 05:41:00','Thomas Castaneda','Sales Call','at auctor ullamcorper, nisl arcu iaculis enim, sit amet ornare',NULL,'','\0','(648) 792-4204','(804) 812-7289','(480) 769-6601','pretium.et@Fusce.co.uk','TaShya Booker','888 Libero Ave','Anglesey','Amlwch','4457YM','USA','P.O. Box 452, 9647 Eget Av.','QLD','Llangefni','5674','USA'),('41','','Kareem','Vincent','Director','Quality Assurance','','2013-11-08 01:01:18','Rachel Bryan','Trade Show','magnis dis parturient montes, nascetur ridiculus mus. Proin vel arcu',NULL,'\0','\0','(764) 372-0586','(891) 144-0717','(873) 217-7031','lacus.Quisque.purus@libero.org','Carly Arnold','Ap #186-3180 Montes, Street','Ist','Istanbul','54-678','USA','481-8128 Vel, Avenue','Renfrewshire','Istanbul','50434','USA'),('42','Mrs.','Ashton','Mcbride','Account Manager','Tech Support','','2014-11-05 13:04:45','Porter Pitts','Conference','lorem tristique aliquet. Phasellus fermentum convallis ligula. Donec luctus aliquet',NULL,'','\0','(386) 432-9030','(350) 547-4797','(918) 859-8907','et.euismod@nislMaecenas.org','Desirae Mcdaniel','Ap #386-3178 Sodales St.','Rivers','Port Harcourt','3408GI','USA','P.O. Box 418, 1070 Sed Rd.','Gl','Port Harcourt','N1B 2H1','USA'),('43','Dr.','Aidan','Ewing','Head','Accounting','','2014-03-07 21:59:09','Sacha Villarreal','Conference','dictum augue malesuada malesuada. Integer id magna et ipsum cursus',NULL,'','\0','(142) 164-2791','(662) 420-4930','(552) 715-0506','ridiculus.mus.Proin@idmagnaet.co.uk','Chandler Swanson','1307 Tellus. St.','Île-de-France','Créteil','70537','USA','8869 Suspendisse St.','ME','Rueil-Malmaison','70511','USA'),('44','','Kiara','Hale','Director','Tech Support','','2014-07-13 13:53:41','Buffy Mendez','Sales Call','libero. Proin mi. Aliquam gravida mauris ut mi. Duis risus',NULL,'\0','','(149) 966-3678','(493) 978-8304','(897) 469-3991','tincidunt.tempus.risus@lorem.ca','Ignacia Walters','3834 Ut Rd.','Benue','Gboko','02865','USA','Ap #362-3327 Porttitor Street','WY','Gboko','1577GZ','USA'),('45','','Roanna','Holden','Director','Advertising','','2015-03-14 02:45:35','Chiquita Mason','Trade Show','sit amet nulla. Donec non justo. Proin non massa non',NULL,'','','(567) 950-6788','(569) 371-1883','(207) 170-0119','metus.urna.convallis@velfaucibus.net','Jescie Bean','P.O. Box 406, 2137 Penatibus Ave','SIC','Sperlinga','3808DM','USA','116-7683 Nam Av.','Waals-Brabant','Mascalucia','97711','USA'),('46','Ms.','Samson','Carson','Director','Asset Management','','2014-08-17 00:27:47','Luke Kidd','Conference','Nullam vitae diam. Proin dolor. Nulla semper tellus id nunc',NULL,'\0','\0','(190) 990-6519','(879) 374-6683','(457) 920-7445','sem@purusac.ca','Rashad Boone','Ap #244-802 Rhoncus Road','OR','Eugene','L5T 2ZN','USA','Ap #944-2781 Adipiscing, St.','Fl','Hillsboro','153868','USA'),('47','Ms.','Buffy','Benton','VP','Sales and Marketing','','2013-11-09 04:56:29','Palmer Key','Trade Show','fringilla mi lacinia mattis. Integer eu lacus. Quisque imperdiet, erat',NULL,'\0','','(523) 876-2040','(377) 111-5244','(498) 148-0363','tortor@sem.edu','Amity Crosby','3595 Quisque St.','LB','Gorzów Wielkopolski','9212BW','USA','4332 Lacus. St.','Istanbul','Zielona Góra','25223-332','USA'),('48','','Nathan','Vaughn','VP','Research and Development','','2014-03-18 17:17:00','Carter Colon','Trade Show','erat vitae risus. Duis a mi fringilla mi lacinia mattis.',NULL,'','','(972) 418-0880','(219) 692-6159','(262) 831-2705','egestas@tellusPhaselluselit.edu','Malcolm Brock','696-6930 Eget Avenue','Noord Holland','Alkmaar','76294','USA','P.O. Box 869, 2819 Sed Rd.','SK','Den Helder','08355','USA'),('49','','Harding','Castillo','Head','Human Resources','','2014-08-15 12:09:21','Astra Goff','Conference','in consectetuer ipsum nunc id enim. Curabitur massa. Vestibulum accumsan',NULL,'','','(565) 803-5850','(777) 219-0242','(471) 511-6690','felis.eget@orciadipiscing.co.uk','Brandon Ballard','P.O. Box 720, 3813 Consequat, Road','RO','Kelso','83791','USA','Ap #209-944 Nam Avenue','Zl','Jedburgh','0821XY','USA'),('5','','Ina','Barnes','Head','Public Relations','','2014-08-31 13:07:41','Lacota Riley','Conference','tortor. Nunc commodo auctor velit. Aliquam nisl. Nulla eu neque',NULL,'\0','','(753) 497-8236','(626) 359-3461','(748) 886-2732','hendrerit@diamProindolor.co.uk','Felicia Meyer','P.O. Box 420, 5580 Ipsum Street','Castilla - La Mancha','Ciudad Real','61606','USA','1075 Quis, Av.','KN','Ciudad Real','88506','USA'),('50','','Tasha','Schroeder','Account Manager','Sales and Marketing','','2013-05-30 23:01:28','Eugenia Chavez','Conference','dictum. Phasellus in felis. Nulla tempor augue ac ipsum. Phasellus',NULL,'\0','\0','(243) 719-5177','(827) 632-5780','(158) 459-0205','felis@nullaInteger.com','Sebastian Potter','Ap #327-3460 Orci Rd.','Maranhão','Balsas','292976','USA','P.O. Box 548, 5352 Aliquam St.','G','Paço do Lumiar','239670','USA'),('51','','Jordan','Maxwell','Head','Asset Management','','2014-01-22 11:44:13','Fuller Young','Trade Show','Integer id magna et ipsum cursus vestibulum. Mauris magna. Duis',NULL,'\0','\0','(202) 405-1045','(631) 157-4635','(680) 460-8683','vitae@neque.co.uk','Andrew Wallace','521-2802 Vel, St.','Podlaskie','?om?a','13142','USA','2652 Luctus St.','NA','Suwa?ki','90-392','USA'),('52','Ms.','Mara','Ford','Head','Public Relations','','2014-11-18 09:41:10','Mariko Cohen','Conference','erat vitae risus. Duis a mi fringilla mi lacinia mattis.',NULL,'\0','\0','(702) 961-5700','(557) 780-1215','(363) 704-4652','lorem@dapibus.edu','Connor Haley','Ap #475-7528 Fringilla Road','Alberta','Millet','5309','USA','Ap #709-7541 Primis St.','Ank','Alix','33676','USA'),('53','Dr.','Jolene','Garrison','VP','Accounting','','2014-08-26 02:17:40','Belle Vega','Sales Call','Nunc ullamcorper, velit in aliquet lobortis, nisi nibh lacinia orci,',NULL,'\0','','(193) 237-2044','(990) 869-8844','(587) 859-3752','et.risus.Quisque@magnaLorem.net','Beatrice Blankenship','835-1194 Dolor Street','Massachusetts','Lowell','358545','USA','Ap #114-3692 Neque Road','VEN','Lowell','94107','USA'),('54','Dr.','Harper','Sosa','Director','Sales and Marketing','','2013-04-04 10:04:06','Pamela Carrillo','Conference','eros. Nam consequat dolor vitae dolor. Donec fringilla. Donec feugiat',NULL,'','','(308) 597-0715','(684) 865-5325','(700) 410-3158','diam@nonquamPellentesque.co.uk','Anthony Johns','Ap #548-3858 Eu Ave','SK','Ostrowiec ?wi?tokrzyski','52323','USA','537-5836 Ullamcorper, Ave','CA','Starachowice','164563','USA'),('55','','Ethan','Shields','Account Manager','Accounting','','2013-07-19 04:38:08','Deanna Dejesus','Conference','iaculis aliquet diam. Sed diam lorem, auctor quis, tristique ac,',NULL,'','','(150) 463-1434','(140) 971-6123','(228) 781-9925','dictum.ultricies.ligula@sed.net','Patience Snyder','P.O. Box 336, 1326 Augue, St.','Florida','Jacksonville','2353','USA','447-8912 Dolor. Avenue','N.','Tallahassee','09074','USA'),('56','Mrs.','Felix','Melendez','Head','Legal Department','','2014-01-18 14:31:52','Camden Foster','Trade Show','orci, consectetuer euismod est arcu ac orci. Ut semper pretium',NULL,'\0','','(686) 190-3929','(622) 337-1041','(905) 862-3275','elementum.sem.vitae@ipsumleoelementum.com','Elliott Willis','536-8729 Nulla Rd.','Indiana','Fort Wayne','M4H 2J5','USA','Ap #453-1209 Laoreet Ave','Imo','South Bend','3179WU','USA'),('57','Dr.','Cameran','Morrow','Head','Customer Service','','2014-06-26 18:16:26','Petra Bond','Conference','nec mauris blandit mattis. Cras eget nisi dictum augue malesuada',NULL,'\0','\0','(493) 478-4476','(186) 600-6659','(534) 319-8789','libero@nec.org','Trevor Stout','352-7596 Semper St.','Hamburg','Hamburg','21008','USA','Ap #946-1304 Lacus. St.','U','Hamburg','C9G 6S2','USA'),('58','Ms.','Alisa','Wagner','Director','Customer Relations','','2014-03-11 10:25:15','Basia Lane','Conference','nibh vulputate mauris sagittis placerat. Cras dictum ultricies ligula. Nullam',NULL,'\0','\0','(196) 717-1102','(269) 622-3079','(898) 455-0846','arcu.Nunc@molestie.edu','Denise Keith','7146 Phasellus Av.','AN','Okpoko','K8P 1T6','USA','P.O. Box 350, 7529 Massa. Street','MA','Okpoko','6162','USA'),('59','Ms.','Jermaine','Roth','Account Manager','Public Relations','','2014-01-20 10:42:15','Demetria Carson','Conference','a purus. Duis elementum, dui quis accumsan convallis, ante lectus',NULL,'\0','','(769) 779-1604','(185) 272-2999','(718) 340-7070','Quisque@egestasrhoncus.org','Jena Mccarty','1420 Nec Av.','M','Cork','02195','USA','P.O. Box 993, 5121 Massa. Street','Illes Balears','Cork','87733','USA'),('6','','Chadwick','Sawyer','Head','Human Resources','','2014-03-17 16:56:06','Robert Garza','Trade Show','mi, ac mattis velit justo nec ante. Maecenas mi felis,',NULL,'','\0','(425) 463-9140','(941) 247-9174','(713) 478-2315','urna@orciDonec.edu','Charde Mcdowell','Ap #538-5685 Ornare, St.','Ontario','Thunder Bay','5207','USA','774-8215 Dictum Ave','SL','Burlington','975640','USA'),('60','Mrs.','Beck','Weber','Account Manager','Tech Support','','2014-06-18 19:43:24','Cedric Oneil','Sales Call','consectetuer euismod est arcu ac orci. Ut semper pretium neque.',NULL,'\0','','(110) 546-2422','(908) 268-5011','(121) 562-8168','mauris.elit@idnuncinterdum.ca','Hedwig Boone','6112 Est Street','Basilicata','Albano di Lucania','62120','USA','2872 Et Rd.','Ontario','Colobraro','99356','USA'),('61','Ms.','Paki','Merritt','VP','Customer Relations','','2013-03-09 03:36:37','Julie Cardenas','Trade Show','Duis risus odio, auctor vitae, aliquet nec, imperdiet nec, leo.',NULL,'\0','','(223) 405-2511','(975) 531-6315','(639) 617-2080','Fusce.mollis@lacuspede.edu','Nomlanga Cooper','9714 Sem Rd.','MG','Ribeirão das Neves','2763UO','USA','P.O. Box 892, 9240 Sit Rd.','SO','Belo Horizonte','250603','USA'),('62','Mr.','Gregory','Smith','Director','Customer Service','','2014-07-19 10:59:37','Elliott Ramsey','Trade Show','a, arcu. Sed et libero. Proin mi. Aliquam gravida mauris',NULL,'','','(177) 948-7043','(904) 479-0993','(803) 750-6533','vulputate.risus.a@ultriciessemmagna.ca','Aimee Tran','P.O. Box 231, 6157 Mauris, St.','SP','Mogi das Cruzes','Q8O 1KW','USA','P.O. Box 240, 6506 Arcu St.','Nord-Pas-de-Calais','Mogi das Cruzes','13524','USA'),('63','Mr.','Dustin','Stafford','Director','Human Resources','','2013-12-13 04:55:05','Sloane Wade','Trade Show','Nunc lectus pede, ultrices a, auctor non, feugiat nec, diam.',NULL,'\0','','(324) 303-9891','(814) 225-2352','(271) 859-5924','Curabitur@Integereu.edu','Octavius Wilkins','7118 Blandit St.','LA','New Orleans','641620','USA','P.O. Box 764, 1465 Fusce Av.','BO','Lafayette','16-538','USA'),('64','Ms.','Tucker','Tran','Director','Customer Service','','2014-11-07 08:31:16','Kiara Padilla','Sales Call','diam. Pellentesque habitant morbi tristique senectus et netus et malesuada',NULL,'\0','','(598) 615-6101','(355) 413-2890','(561) 588-0010','Suspendisse.sagittis.Nullam@Aliquamvulputate.org','Isabella Espinoza','983-1197 Nunc, St.','ST','Wolverhampton','398961','USA','2974 Lobortis Rd.','N.','Cannock','3074','USA'),('65','Mr.','Iola','Fuentes','VP','Legal Department','','2014-03-17 09:48:01','Sharon Padilla','Sales Call','varius ultrices, mauris ipsum porta elit, a feugiat tellus lorem',NULL,'','','(828) 574-5897','(703) 254-4558','(969) 591-1329','nibh.vulputate@eros.com','Irma Roberts','Ap #332-8163 Elit Road','Pomorskie','S?upsk','2988','USA','P.O. Box 916, 5389 Imperdiet, St.','Bihar','Gdynia','31800','USA'),('66','','Tobias','Suarez','VP','Public Relations','','2014-04-17 02:32:35','Nadine Turner','Conference','eu nibh vulputate mauris sagittis placerat. Cras dictum ultricies ligula.',NULL,'','\0','(476) 297-4033','(846) 993-5015','(739) 190-8433','Sed@Phasellusvitae.com','Summer Schmidt','799-6897 Phasellus Road','Oost-Vlaanderen','Buggenhout','02134-014','USA','5590 Pellentesque St.','Maharastra','Kallo','74092','USA'),('67','Mr.','Desiree','Davenport','Director','Advertising','','2014-01-31 17:43:52','Sonya Huff','Trade Show','Nullam feugiat placerat velit. Quisque varius. Nam porttitor scelerisque neque.',NULL,'\0','\0','(699) 624-2897','(293) 292-5700','(920) 852-4576','orci.in@at.ca','Reece Gould','Ap #748-1955 Ac Avenue','Namen','Rivi?re','1230','USA','910-8124 Donec St.','Ist','Dave','10275','USA'),('68','Mrs.','Dieter','Lott','VP','Advertising','','2014-07-24 02:59:09','Colleen Vang','Conference','ad litora torquent per conubia nostra, per inceptos hymenaeos. Mauris',NULL,'\0','','(911) 121-9097','(544) 905-5143','(234) 898-6994','facilisis.lorem.tristique@nisisem.com','Frances Parker','P.O. Box 727, 3603 Luctus St.','NS','Guysborough','6897','USA','943-1541 Vivamus Road','RS','Pictou','B6L 7W9','USA'),('69','Mr.','Zenia','Dotson','VP','Payroll','','2014-04-26 12:33:42','April Mclean','Sales Call','tincidunt adipiscing. Mauris molestie pharetra nibh. Aliquam ornare, libero at',NULL,'','','(687) 924-8232','(250) 982-6899','(342) 518-9522','feugiat.metus.sit@semperpretiumneque.ca','Rana Armstrong','104-4646 Lectus. Ave','Emilia-Romagna','Rio Saliceto','61908','USA','P.O. Box 972, 935 Dolor Ave','Bal','Rio Saliceto','97120','USA'),('7','Mr.','Hollee','Merritt','Director','Customer Service','','2015-02-27 01:38:41','Octavia Sweeney','Conference','malesuada ut, sem. Nulla interdum. Curabitur dictum. Phasellus in felis.',NULL,'\0','','(979) 298-8785','(689) 638-1638','(325) 749-2034','Duis.volutpat.nunc@Namnulla.edu','Noelani Henry','806-239 Fusce St.','NI','Kerikeri','27107','USA','845-9181 Eros Street','San José','Kerikeri','00933','USA'),('70','','Yoshio','David','VP','Customer Relations','','2014-10-18 02:27:22','Katelyn Dean','Conference','Cum sociis natoque penatibus et magnis dis parturient montes, nascetur',NULL,'','','(470) 368-6679','(538) 184-2434','(196) 938-9727','Mauris.molestie.pharetra@pharetrautpharetra.ca','Tad Kramer','P.O. Box 134, 798 Phasellus Street','Nord-Pas-de-Calais','Calais','07979-793','USA','188-9565 Tortor Rd.','BE','Tourcoing','X3J 0N9','USA'),('71','Mrs.','Fleur','Bradford','VP','Tech Support','','2014-12-09 06:07:08','Irene Norris','Trade Show','semper egestas, urna justo faucibus lectus, a sollicitudin orci sem',NULL,'','\0','(276) 474-4261','(975) 221-4152','(968) 217-9326','magna.Duis.dignissim@Donecdignissimmagna.com','Gretchen Mcpherson','Ap #569-9329 Orci St.','Ontario','Aurora','02889','USA','1119 Morbi Ave','ON','Ajax','XU79 1XM','USA'),('72','Mr.','Ivan','Lott','Head','Customer Service','','2014-05-23 07:52:12','Hayes Hutchinson','Sales Call','in faucibus orci luctus et ultrices posuere cubilia Curae; Donec',NULL,'','\0','(658) 563-0322','(454) 415-4124','(591) 806-7229','mauris.Morbi@nibhAliquam.co.uk','Callum Lindsay','317-7524 Scelerisque Road','LU','Bia?a Podlaska','3950','USA','9610 Consectetuer St.','Connecticut','Bia?a Podlaska','81750','USA'),('73','Ms.','Mannix','Lynn','Account Manager','Sales and Marketing','','2014-07-30 18:48:09','Urielle Mooney','Sales Call','Pellentesque habitant morbi tristique senectus et netus et malesuada fames',NULL,'','\0','(461) 469-5662','(850) 719-8034','(996) 755-3535','nisi.magna.sed@laoreetipsum.net','Rhonda Hoover','Ap #963-7122 Mauris. Road','Victoria','Melbourne','88197','USA','Ap #194-8380 Dictum Avenue','C','Swan Hill','6265','USA'),('74','','MacKensie','Wilder','Account Manager','Asset Management','','2014-11-28 23:23:19','Demetrius Hahn','Trade Show','risus, at fringilla purus mauris a nunc. In at pede.',NULL,'\0','','(722) 839-6193','(425) 253-0747','(252) 738-5740','eu.euismod@fringilla.edu','Cara Garza','3830 Duis Rd.','DE','Warri','34946','USA','P.O. Box 646, 4091 Neque St.','Madhya Pradesh','Warri','T8 9YZ','USA'),('75','','Joshua','Fulton','Director','Customer Service','','2014-07-12 01:52:30','Iliana Austin','Trade Show','iaculis aliquet diam. Sed diam lorem, auctor quis, tristique ac,',NULL,'','','(455) 480-7446','(514) 195-4010','(280) 711-8938','semper.tellus@esttemporbibendum.ca','Bevis Tillman','210-3696 Donec St.','Indiana','Fort Wayne','R3T 7CH','USA','Ap #283-8059 Consectetuer Road','SJ','Indianapolis','850891','USA'),('76','','Kyra','Woodward','VP','Customer Relations','','2014-04-28 14:46:29','Jarrod Ferguson','Trade Show','et, magna. Praesent interdum ligula eu enim. Etiam imperdiet dictum',NULL,'\0','\0','(623) 903-4544','(399) 898-8621','(480) 990-8857','adipiscing.non.luctus@pedenec.com','Ashely Lucas','210-6539 Eu Ave','Maharastra','Ulhasnagar','6725','USA','P.O. Box 370, 6892 Nec, St.','M','Malegaon','49-386','USA'),('77','Mr.','Sawyer','Cleveland','Head','Legal Department','','2014-07-08 22:49:30','Vincent Fulton','Conference','fames ac turpis egestas. Aliquam fringilla cursus purus. Nullam scelerisque',NULL,'','','(319) 723-2878','(771) 586-9018','(620) 726-8152','ligula.Aliquam.erat@luctussit.com','Debra Ray','663-7582 Lobortis Avenue','Kano','Kano','6097','USA','P.O. Box 665, 7211 Nunc Road','Limburg','Kano','90-701','USA'),('78','Mr.','Ciara','Merritt','Head','Sales and Marketing','','2013-05-04 07:39:33','Kyla Cline','Sales Call','imperdiet non, vestibulum nec, euismod in, dolor. Fusce feugiat. Lorem',NULL,'\0','\0','(442) 434-2245','(572) 355-5484','(549) 632-6885','sed.sem@pharetrafeliseget.co.uk','Nathaniel Mathews','524 Aliquet. Ave','SL','Blieskastel','90663','USA','2302 Mauris Road','SI','Merzig','H5A 5SW','USA'),('79','','Orla','Harris','Head','Quality Assurance','','2014-07-30 09:03:42','Daphne Koch','Trade Show','malesuada vel, convallis in, cursus et, eros. Proin ultrices. Duis',NULL,'','\0','(688) 396-9490','(185) 481-7489','(969) 654-0593','facilisis.vitae.orci@vitaemaurissit.ca','Blair Duncan','P.O. Box 319, 5574 Mus. Rd.','Victoria','Warrnambool','N0 8BW','USA','301-2377 At, Rd.','MA','Benalla','80151','USA'),('8','Dr.','Craig','French','Head','Payroll','','2013-06-04 15:02:58','Alan Bryant','Conference','iaculis nec, eleifend non, dapibus rutrum, justo. Praesent luctus. Curabitur',NULL,'\0','','(841) 337-5394','(848) 516-6218','(529) 460-0410','vel.nisl@fermentummetus.edu','Brandon Johnston','4550 Adipiscing Rd.','Ontario','Vanier','51127','USA','Ap #663-6931 Sed Rd.','L','St. Thomas','4810','USA'),('80','Ms.','James','Rosa','VP','Sales and Marketing','','2013-04-23 04:39:21','Barrett Conley','Sales Call','sagittis placerat. Cras dictum ultricies ligula. Nullam enim. Sed nulla',NULL,'\0','','(986) 363-2328','(440) 257-3190','(583) 744-5448','iaculis.quis.pede@ornareelit.ca','Autumn Goodwin','2304 Eu Rd.','Brecknockshire','Builth Wells','884623','USA','P.O. Box 606, 865 Scelerisque Rd.','Hamburg','Talgarth','7917','USA'),('81','Mrs.','Curran','Osborn','Head','Accounting','','2013-05-20 02:38:22','Venus Wade','Conference','eget tincidunt dui augue eu tellus. Phasellus elit pede, malesuada',NULL,'','','(958) 322-4325','(826) 494-3709','(978) 761-9569','nibh@eueleifend.org','Mallory Ayers','P.O. Box 475, 6546 Parturient Rd.','Wisconsin','Green Bay','Y3U 0JK','USA','P.O. Box 228, 3298 Nec, Road','NI','Green Bay','75591','USA'),('82','','Jerry','Soto','Head','Customer Service','','2014-12-23 08:58:29','Aretha Johnston','Sales Call','eu dolor egestas rhoncus. Proin nisl sem, consequat nec, mollis',NULL,'\0','','(392) 917-7110','(358) 928-1520','(138) 606-7155','netus@nonbibendumsed.net','Taylor Mccarthy','1183 Ante Avenue','L','Dublin','29551','USA','P.O. Box 642, 6650 Orci St.','Bauchi','Dublin','Y5K 1C8','USA'),('83','Mr.','Adena','Atkinson','Head','Accounting','','2014-12-10 07:01:45','Claudia Bailey','Sales Call','sit amet, dapibus id, blandit at, nisi. Cum sociis natoque',NULL,'','\0','(510) 722-5884','(209) 866-0165','(506) 138-7776','nec.luctus.felis@lobortisauguescelerisque.net','Hayes Fry','360-7957 Neque Road','Rio de Janeiro','Rio de Janeiro','28210-147','USA','Ap #112-5930 Et Rd.','Swi?tokrzyskie','Campos dos Goytacazes','75-572','USA'),('84','Mr.','Irma','Mills','VP','Media Relations','','2014-07-11 05:36:10','Noble Watts','Sales Call','commodo hendrerit. Donec porttitor tellus non magna. Nam ligula elit,',NULL,'\0','','(348) 493-7247','(905) 973-8990','(203) 407-3542','sit@eunullaat.co.uk','Craig Dyer','5026 Nulla. Av.','Ov','Zwolle','C3G 0M9','USA','P.O. Box 887, 6360 Fermentum Avenue','Van','Almelo','30-521','USA'),('85','Ms.','Bethany','Middleton','Head','Media Relations','','2013-04-30 20:28:49','Imogene Kaufman','Conference','eu enim. Etiam imperdiet dictum magna. Ut tincidunt orci quis',NULL,'','','(526) 989-6645','(326) 121-3618','(442) 556-9429','mauris.erat@dui.ca','Portia Fields','699-8302 Vulputate, Rd.','Centre','Bourges','72203','USA','9789 Est Road','Istanbul','Orléans','47640','USA'),('86','Ms.','Simone','Hampton','Account Manager','Media Relations','','2013-09-13 14:07:44','Asher Rogers','Sales Call','Cum sociis natoque penatibus et magnis dis parturient montes, nascetur',NULL,'','\0','(633) 648-6819','(192) 297-6835','(200) 865-5817','purus@musProinvel.co.uk','Leigh Leblanc','301-4425 Ullamcorper, St.','BA','Palma de Mallorca','GY87 7RR','USA','5890 Posuere St.','PR','Palma de Mallorca','56922','USA'),('87','Mr.','Jillian','Kirk','Director','Accounting','','2013-03-18 01:56:51','Rhonda Noble','Trade Show','Aliquam nec enim. Nunc ut erat. Sed nunc est, mollis',NULL,'\0','\0','(496) 455-0609','(534) 207-2780','(775) 722-2127','libero.lacus.varius@nonquam.net','Grady Herman','4153 Arcu. Ave','Madrid','Fuenlabrada','74171','USA','1873 Tristique Street','Alaska','Getafe','0355','USA'),('88','Ms.','Devin','Freeman','Head','Finances','','2014-08-23 23:40:23','Clare Patrick','Conference','Aliquam fringilla cursus purus. Nullam scelerisque neque sed sem egestas',NULL,'','\0','(902) 596-2436','(980) 244-0849','(786) 608-8945','lectus.ante.dictum@nondapibus.co.uk','Melodie Goodwin','Ap #393-397 Est, St.','Istanbul','Istanbul','61603','USA','2320 Orci, Ave','ON','Istanbul','63016','USA'),('89','Mrs.','Jason','Mcfadden','Head','Accounting','','2014-11-20 03:50:07','Cole Randall','Trade Show','urna justo faucibus lectus, a sollicitudin orci sem eget massa.',NULL,'\0','\0','(X25) X08-3762','(X25) X95-0940','(X25) X00-4687','montes.nascetur.ridiculus@nisi.edu','Tyler Hale','802-8737 Cum Avenue','SJ','San Juan de Dios','0095','USA','P.O. Box 704, 682 Ipsum Rd.','?zmir','San Pedro','P1B 4C9','USA'),('9','','Avye','Dickson','Account Manager','Customer Relations','','2014-02-08 21:02:00','Violet Bolton','Conference','tincidunt, nunc ac mattis ornare, lectus ante dictum mi, ac',NULL,'','\0','(169) 942-5756','(499) 601-2699','(411) 884-2453','a.magna.Lorem@dui.edu','Dalton Grimes','Ap #367-3221 Cursus Road','São Paulo','Campinas','L36 7XV','USA','2120 Ipsum St.','?ódzkie','Mauá','369380','USA'),('90','Dr.','Ferdinand','Christian','VP','Tech Support','','2014-09-16 17:07:27','Gray Lowery','Conference','erat eget ipsum. Suspendisse sagittis. Nullam vitae diam. Proin dolor.',NULL,'','\0','(619) 946-1474','(168) 825-4798','(571) 679-0238','adipiscing@tellus.edu','Jessamine Johnston','1417 Eros. Avenue','WY','Cheyenne','82468','USA','697-2143 Turpis. Road','LU','Rock Springs','05-215','USA'),('91','Mr.','Branden','Rojas','Director','Customer Service','','2015-02-04 11:39:25','Lana Dotson','Sales Call','porttitor interdum. Sed auctor odio a purus. Duis elementum, dui',NULL,'','\0','(680) 652-6596','(471) 433-7343','(412) 449-7783','condimentum.Donec@semPellentesqueut.org','Teegan Griffith','Ap #950-8646 Orci St.','CAL','Aiello Calabro','588587','USA','612 Semper St.','Alajuela','Filadelfia','10589','USA'),('92','Mr.','Bell','Rose','Director','Asset Management','','2013-04-20 22:15:40','Wesley Wiley','Conference','luctus ut, pellentesque eget, dictum placerat, augue. Sed molestie. Sed',NULL,'','','(786) 554-8439','(741) 672-0177','(517) 163-6601','fermentum.fermentum.arcu@Integerin.co.uk','MacKensie Beasley','4240 Vivamus Avenue','BC','North Cowichan','66540','USA','Ap #416-6913 Proin Rd.','Andalucía','Alert Bay','337968','USA'),('93','','Myra','Foster','Director','Customer Relations','','2014-06-19 00:32:02','Emily Graves','Trade Show','convallis in, cursus et, eros. Proin ultrices. Duis volutpat nunc',NULL,'\0','','(285) 965-7349','(343) 452-2183','(240) 307-8479','laoreet.posuere.enim@risusMorbimetus.ca','Leigh Alvarado','Ap #882-4325 Non Ave','Oost-Vlaanderen','Hamme','386576','USA','912-8029 Non Road','NI','Wieze','986568','USA'),('94','','Amelia','Townsend','Head','Tech Support','','2013-04-02 10:57:10','Cara Holder','Conference','interdum ligula eu enim. Etiam imperdiet dictum magna. Ut tincidunt',NULL,'\0','','(121) 961-5476','(941) 489-5776','(301) 526-0585','Cras.dolor.dolor@malesuadavelvenenatis.co.uk','Wang Jensen','Ap #867-6482 Tortor. Avenue','Nord-Pas-de-Calais','Liévin','501948','USA','Ap #948-9749 A, Street','Antwerpen','Liévin','3007','USA'),('95','Mrs.','Lilah','Harrell','VP','Asset Management','','2013-07-05 16:43:44','Chaim Merrill','Trade Show','enim non nisi. Aenean eget metus. In nec orci. Donec',NULL,'\0','','(471) 515-3162','(832) 242-4013','(205) 507-1931','mattis.velit@Donecnonjusto.edu','Blaine Mcdonald','Ap #524-2668 Lobortis Avenue','Opolskie','K?dzierzyn-Ko?le','C9C 9X0','USA','P.O. Box 563, 1001 Elit Av.','Fife','K?dzierzyn-Ko?le','891812','USA'),('96','Ms.','Ishmael','Richmond','VP','Public Relations','','2014-07-02 09:34:40','Lareina Mckee','Sales Call','sodales nisi magna sed dui. Fusce aliquam, enim nec tempus',NULL,'\0','','(529) 843-0576','(680) 347-9831','(488) 697-0305','est.Nunc.ullamcorper@neque.net','Halee Branch','9566 Lobortis St.','Lubuskie','Gorzów Wielkopolski','P3L 9T9','USA','Ap #740-9017 Bibendum. Rd.','N.','Zielona Góra','28-941','USA'),('97','','Colton','Lamb','VP','Asset Management','','2013-10-01 08:10:50','Bryar Rogers','Sales Call','vitae nibh. Donec est mauris, rhoncus id, mollis nec, cursus',NULL,'\0','\0','(955) 237-6369','(161) 245-5587','(123) 745-9715','convallis.dolor@urnaconvalliserat.net','Carly Christian','Ap #723-5203 Ac Av.','Munster','Cork','9310TL','USA','P.O. Box 120, 7645 Nunc St.','AK','Cork','52-692','USA'),('98','Mrs.','Bernard','Mcclain','VP','Customer Relations','','2014-05-10 06:13:22','Chantale Boyd','Sales Call','eu tellus eu augue porttitor interdum. Sed auctor odio a',NULL,'\0','\0','(692) 541-2740','(691) 837-8633','(462) 709-7340','Phasellus.elit@ipsumnon.edu','Jacob Porter','1261 Accumsan St.','N.','Weesp','13583','USA','6506 Nullam Avenue','West-Vlaanderen','Naarden','58122-773','USA'),('99','Ms.','Cullen','Strong','Director','Legal Department','','2014-03-16 13:25:56','Signe England','Trade Show','quis, pede. Suspendisse dui. Fusce diam nunc, ullamcorper eu, euismod',NULL,'','\0','(931) 857-1773','(756) 326-9243','(669) 771-8155','Nulla@luctus.org','Merritt Key','256-7091 Et Street','BC','Pitt Meadows','6035','USA','Ap #685-453 Fermentum St.','VB','Nanaimo','15479','USA');
/*!40000 ALTER TABLE `contact` ENABLE KEYS */;
UNLOCK TABLES;

--
-- Table structure for table `contact_call`
--

DROP TABLE IF EXISTS `contact_call`;
/*!40101 SET @saved_cs_client     = @@character_set_client */;
/*!40101 SET character_set_client = utf8 */;
CREATE TABLE `contact_call` (
  `contact_id` char(36) NOT NULL,
  `call_id` int(10) NOT NULL,
  `employee_id` char(36) NOT NULL,
  PRIMARY KEY (`contact_id`,`call_id`,`employee_id`),
  KEY `call_id` (`call_id`),
  KEY `employee_id` (`employee_id`),
  CONSTRAINT `contact_call_ibfk_1` FOREIGN KEY (`contact_id`) REFERENCES `contact` (`id`),
  CONSTRAINT `contact_call_ibfk_2` FOREIGN KEY (`call_id`) REFERENCES `calls` (`id`),
  CONSTRAINT `contact_call_ibfk_3` FOREIGN KEY (`employee_id`) REFERENCES `employee` (`id`)
) ENGINE=InnoDB DEFAULT CHARSET=latin1;
/*!40101 SET character_set_client = @saved_cs_client */;

--
-- Dumping data for table `contact_call`
--

LOCK TABLES `contact_call` WRITE;
/*!40000 ALTER TABLE `contact_call` DISABLE KEYS */;
INSERT INTO `contact_call` VALUES ('1',1,'1'),('2',2,'2'),('3',3,'3'),('4',4,'4'),('5',5,'5'),('6',6,'6'),('7',7,'7'),('8',8,'8'),('9',9,'9'),('10',10,'10'),('11',11,'11'),('12',12,'12'),('13',13,'13'),('14',14,'14'),('15',15,'15'),('16',16,'16'),('17',17,'17'),('18',18,'18'),('19',19,'19'),('20',20,'20'),('21',21,'21'),('22',22,'22'),('23',23,'23'),('24',24,'24'),('25',25,'25'),('26',26,'26'),('27',27,'27'),('28',28,'28'),('29',29,'29'),('30',30,'30'),('31',31,'31'),('32',32,'32'),('33',33,'33'),('34',34,'34'),('35',35,'35'),('36',36,'36'),('37',37,'37'),('38',38,'38'),('39',39,'39'),('40',40,'40'),('41',41,'41'),('42',42,'42'),('43',43,'43'),('44',44,'44'),('45',45,'45'),('46',46,'46'),('47',47,'47'),('48',48,'48'),('49',49,'49'),('50',50,'50'),('51',51,'51'),('52',52,'52'),('53',53,'53'),('54',54,'54'),('55',55,'55'),('56',56,'56'),('57',57,'57'),('58',58,'58'),('59',59,'59'),('60',60,'60'),('61',61,'61'),('62',62,'62'),('63',63,'63'),('64',64,'64'),('65',65,'65'),('66',66,'66'),('67',67,'67'),('68',68,'68'),('69',69,'69'),('70',70,'70'),('71',71,'71'),('72',72,'72'),('73',73,'73'),('74',74,'74'),('75',75,'75'),('76',76,'76'),('77',77,'77'),('78',78,'78'),('79',79,'79'),('80',80,'80'),('81',81,'81'),('82',82,'82'),('83',83,'83'),('84',84,'84'),('85',85,'85'),('86',86,'86'),('87',87,'87'),('88',88,'88'),('89',89,'89'),('90',90,'90'),('91',91,'91'),('92',92,'92'),('93',93,'93'),('94',94,'94'),('95',95,'95'),('96',96,'96'),('97',97,'97'),('98',98,'98'),('99',99,'99'),('100',100,'100');
/*!40000 ALTER TABLE `contact_call` ENABLE KEYS */;
UNLOCK TABLES;

--
-- Table structure for table `contact_meeting`
--

DROP TABLE IF EXISTS `contact_meeting`;
/*!40101 SET @saved_cs_client     = @@character_set_client */;
/*!40101 SET character_set_client = utf8 */;
CREATE TABLE `contact_meeting` (
  `contactId` char(36) NOT NULL,
  `meetingId` int(10) NOT NULL,
  `employeeId` char(36) NOT NULL,
  PRIMARY KEY (`contactId`,`meetingId`),
  KEY `meetingId` (`meetingId`),
  CONSTRAINT `contact_meeting_ibfk_1` FOREIGN KEY (`contactId`) REFERENCES `contact` (`id`),
  CONSTRAINT `contact_meeting_ibfk_2` FOREIGN KEY (`meetingId`) REFERENCES `meeting` (`id`)
) ENGINE=InnoDB DEFAULT CHARSET=latin1;
/*!40101 SET character_set_client = @saved_cs_client */;

--
-- Dumping data for table `contact_meeting`
--

LOCK TABLES `contact_meeting` WRITE;
/*!40000 ALTER TABLE `contact_meeting` DISABLE KEYS */;
INSERT INTO `contact_meeting` VALUES ('1',1,'1'),('10',10,'10'),('100',100,'100'),('11',11,'11'),('12',12,'12'),('13',13,'13'),('14',14,'14'),('15',15,'15'),('16',16,'16'),('17',17,'17'),('18',18,'18'),('19',19,'19'),('2',2,'2'),('20',20,'20'),('21',21,'21'),('22',22,'22'),('23',23,'23'),('24',24,'24'),('25',25,'25'),('26',26,'26'),('27',27,'27'),('28',28,'28'),('29',29,'29'),('3',3,'3'),('30',30,'30'),('31',31,'31'),('32',32,'32'),('33',33,'33'),('34',34,'34'),('35',35,'35'),('36',36,'36'),('37',37,'37'),('38',38,'38'),('39',39,'39'),('4',4,'4'),('40',40,'40'),('41',41,'41'),('42',42,'42'),('43',43,'43'),('44',44,'44'),('45',45,'45'),('46',46,'46'),('47',47,'47'),('48',48,'48'),('49',49,'49'),('5',5,'5'),('50',50,'50'),('51',51,'51'),('52',52,'52'),('53',53,'53'),('54',54,'54'),('55',55,'55'),('56',56,'56'),('57',57,'57'),('58',58,'58'),('59',59,'59'),('6',6,'6'),('60',60,'60'),('61',61,'61'),('62',62,'62'),('63',63,'63'),('64',64,'64'),('65',65,'65'),('66',66,'66'),('67',67,'67'),('68',68,'68'),('69',69,'69'),('7',7,'7'),('70',70,'70'),('71',71,'71'),('72',72,'72'),('73',73,'73'),('74',74,'74'),('75',75,'75'),('76',76,'76'),('77',77,'77'),('78',78,'78'),('79',79,'79'),('8',8,'8'),('80',80,'80'),('81',81,'81'),('82',82,'82'),('83',83,'83'),('84',84,'84'),('85',85,'85'),('86',86,'86'),('87',87,'87'),('88',88,'88'),('89',89,'89'),('9',9,'9'),('90',90,'90'),('91',91,'91'),('92',92,'92'),('93',93,'93'),('94',94,'94'),('95',95,'95'),('96',96,'96'),('97',97,'97'),('98',98,'98'),('99',99,'99');
/*!40000 ALTER TABLE `contact_meeting` ENABLE KEYS */;
UNLOCK TABLES;

--
-- Table structure for table `contact_note`
--

DROP TABLE IF EXISTS `contact_note`;
/*!40101 SET @saved_cs_client     = @@character_set_client */;
/*!40101 SET character_set_client = utf8 */;
CREATE TABLE `contact_note` (
  `contactId` char(36) NOT NULL,
  `noteId` int(10) NOT NULL,
  `employeeId` char(36) NOT NULL,
  PRIMARY KEY (`contactId`,`noteId`),
  KEY `noteId` (`noteId`),
  CONSTRAINT `contact_note_ibfk_1` FOREIGN KEY (`contactId`) REFERENCES `contact` (`id`),
  CONSTRAINT `contact_note_ibfk_2` FOREIGN KEY (`noteId`) REFERENCES `notes` (`id`)
) ENGINE=InnoDB DEFAULT CHARSET=latin1;
/*!40101 SET character_set_client = @saved_cs_client */;

--
-- Dumping data for table `contact_note`
--

LOCK TABLES `contact_note` WRITE;
/*!40000 ALTER TABLE `contact_note` DISABLE KEYS */;
INSERT INTO `contact_note` VALUES ('1',1,'1'),('10',10,'10'),('100',100,'100'),('11',11,'11'),('12',12,'12'),('13',13,'13'),('14',14,'14'),('15',15,'15'),('16',16,'16'),('17',17,'17'),('18',18,'18'),('19',19,'19'),('2',2,'2'),('20',20,'20'),('21',21,'21'),('22',22,'22'),('23',23,'23'),('24',24,'24'),('25',25,'25'),('26',26,'26'),('27',27,'27'),('28',28,'28'),('29',29,'29'),('3',3,'3'),('30',30,'30'),('31',31,'31'),('32',32,'32'),('33',33,'33'),('34',34,'34'),('35',35,'35'),('36',36,'36'),('37',37,'37'),('38',38,'38'),('39',39,'39'),('4',4,'4'),('40',40,'40'),('41',41,'41'),('42',42,'42'),('43',43,'43'),('44',44,'44'),('45',45,'45'),('46',46,'46'),('47',47,'47'),('48',48,'48'),('49',49,'49'),('5',5,'5'),('50',50,'50'),('51',51,'51'),('52',52,'52'),('53',53,'53'),('54',54,'54'),('55',55,'55'),('56',56,'56'),('57',57,'57'),('58',58,'58'),('59',59,'59'),('6',6,'6'),('60',60,'60'),('61',61,'61'),('62',62,'62'),('63',63,'63'),('64',64,'64'),('65',65,'65'),('66',66,'66'),('67',67,'67'),('68',68,'68'),('69',69,'69'),('7',7,'7'),('70',70,'70'),('71',71,'71'),('72',72,'72'),('73',73,'73'),('74',74,'74'),('75',75,'75'),('76',76,'76'),('77',77,'77'),('78',78,'78'),('79',79,'79'),('8',8,'8'),('80',80,'80'),('81',81,'81'),('82',82,'82'),('83',83,'83'),('84',84,'84'),('85',85,'85'),('86',86,'86'),('87',87,'87'),('88',88,'88'),('89',89,'89'),('9',9,'9'),('90',90,'90'),('91',91,'91'),('92',92,'92'),('93',93,'93'),('94',94,'94'),('95',95,'95'),('96',96,'96'),('97',97,'97'),('98',98,'98'),('99',99,'99');
/*!40000 ALTER TABLE `contact_note` ENABLE KEYS */;
UNLOCK TABLES;

--
-- Table structure for table `contact_opprtunity`
--

DROP TABLE IF EXISTS `contact_opprtunity`;
/*!40101 SET @saved_cs_client     = @@character_set_client */;
/*!40101 SET character_set_client = utf8 */;
CREATE TABLE `contact_opprtunity` (
  `contactId` char(36) NOT NULL,
  `opportunityId` char(36) NOT NULL,
  PRIMARY KEY (`contactId`,`opportunityId`),
  KEY `opportunityId` (`opportunityId`),
  CONSTRAINT `contact_opprtunity_ibfk_1` FOREIGN KEY (`contactId`) REFERENCES `contact` (`id`),
  CONSTRAINT `contact_opprtunity_ibfk_2` FOREIGN KEY (`opportunityId`) REFERENCES `opportunity` (`id`)
) ENGINE=InnoDB DEFAULT CHARSET=latin1;
/*!40101 SET character_set_client = @saved_cs_client */;

--
-- Dumping data for table `contact_opprtunity`
--

LOCK TABLES `contact_opprtunity` WRITE;
/*!40000 ALTER TABLE `contact_opprtunity` DISABLE KEYS */;
INSERT INTO `contact_opprtunity` VALUES ('1','1'),('10','10'),('100','100'),('11','11'),('12','12'),('13','13'),('14','14'),('15','15'),('16','16'),('17','17'),('18','18'),('19','19'),('2','2'),('20','20'),('21','21'),('22','22'),('23','23'),('24','24'),('25','25'),('26','26'),('27','27'),('28','28'),('29','29'),('3','3'),('30','30'),('31','31'),('32','32'),('33','33'),('34','34'),('35','35'),('36','36'),('37','37'),('38','38'),('39','39'),('4','4'),('40','40'),('41','41'),('42','42'),('43','43'),('44','44'),('45','45'),('46','46'),('47','47'),('48','48'),('49','49'),('5','5'),('50','50'),('51','51'),('52','52'),('53','53'),('54','54'),('55','55'),('56','56'),('57','57'),('58','58'),('59','59'),('6','6'),('60','60'),('61','61'),('62','62'),('63','63'),('64','64'),('65','65'),('66','66'),('67','67'),('68','68'),('69','69'),('7','7'),('70','70'),('71','71'),('72','72'),('73','73'),('74','74'),('75','75'),('76','76'),('77','77'),('78','78'),('79','79'),('8','8'),('80','80'),('81','81'),('82','82'),('83','83'),('84','84'),('85','85'),('86','86'),('87','87'),('88','88'),('89','89'),('9','9'),('90','90'),('91','91'),('92','92'),('93','93'),('94','94'),('95','95'),('96','96'),('97','97'),('98','98'),('99','99');
/*!40000 ALTER TABLE `contact_opprtunity` ENABLE KEYS */;
UNLOCK TABLES;

--
-- Table structure for table `contact_service`
--

DROP TABLE IF EXISTS `contact_service`;
/*!40101 SET @saved_cs_client     = @@character_set_client */;
/*!40101 SET character_set_client = utf8 */;
CREATE TABLE `contact_service` (
  `contactId` varchar(36) NOT NULL,
  `serviceId` int(10) NOT NULL,
  `employeeId` char(36) NOT NULL,
  PRIMARY KEY (`contactId`,`serviceId`),
  KEY `serviceId` (`serviceId`),
  KEY `employeeId` (`employeeId`),
  CONSTRAINT `contact_service_ibfk_1` FOREIGN KEY (`contactId`) REFERENCES `contact` (`id`),
  CONSTRAINT `contact_service_ibfk_2` FOREIGN KEY (`serviceId`) REFERENCES `service` (`id`),
  CONSTRAINT `contact_service_ibfk_3` FOREIGN KEY (`employeeId`) REFERENCES `employee` (`id`)
) ENGINE=InnoDB DEFAULT CHARSET=latin1;
/*!40101 SET character_set_client = @saved_cs_client */;

--
-- Dumping data for table `contact_service`
--

LOCK TABLES `contact_service` WRITE;
/*!40000 ALTER TABLE `contact_service` DISABLE KEYS */;
INSERT INTO `contact_service` VALUES ('74',32,'1'),('85',89,'1'),('95',13,'1'),('47',16,'10'),('56',15,'10'),('29',13,'11'),('46',98,'11'),('15',91,'12'),('4',22,'12'),('69',76,'12'),('3',2,'16'),('45',91,'17'),('6',22,'17'),('1',11,'18'),('30',34,'19'),('2',8,'20'),('42',84,'20'),('90',48,'20'),('53',21,'21'),('93',22,'21'),('58',68,'22'),('78',63,'22'),('79',30,'23'),('50',9,'25'),('72',73,'25'),('43',36,'26'),('5',88,'28'),('6',56,'29'),('56',60,'3'),('7',94,'3'),('33',20,'32'),('11',69,'33'),('67',95,'39'),('79',71,'39'),('30',74,'4'),('79',86,'40'),('52',91,'41'),('84',38,'41'),('91',82,'41'),('19',77,'42'),('72',55,'42'),('54',22,'43'),('88',15,'45'),('62',89,'47'),('15',20,'48'),('52',75,'51'),('65',19,'51'),('92',100,'52'),('15',47,'53'),('15',97,'54'),('51',11,'55'),('52',81,'55'),('74',37,'55'),('48',47,'56'),('97',87,'56'),('79',1,'58'),('47',89,'59'),('78',4,'59'),('94',87,'6'),('60',92,'61'),('64',64,'61'),('98',43,'63'),('15',39,'64'),('20',1,'64'),('86',37,'64'),('22',4,'67'),('81',18,'67'),('81',66,'67'),('4',49,'69'),('52',87,'69'),('92',55,'69'),('33',80,'7'),('48',55,'7'),('34',39,'70'),('85',22,'70'),('17',9,'74'),('83',94,'74'),('18',52,'76'),('100',65,'78'),('85',36,'78'),('75',18,'79'),('68',88,'8'),('31',93,'80'),('10',77,'82'),('59',26,'82'),('33',35,'83'),('51',29,'83'),('69',23,'84'),('1',81,'85'),('59',16,'85'),('73',65,'87'),('24',57,'88'),('23',46,'89'),('92',74,'89'),('97',35,'90'),('26',78,'91'),('52',77,'94'),('38',5,'96'),('25',72,'97'),('58',49,'98');
/*!40000 ALTER TABLE `contact_service` ENABLE KEYS */;
UNLOCK TABLES;

--
-- Table structure for table `employee`
--

DROP TABLE IF EXISTS `employee`;
/*!40101 SET @saved_cs_client     = @@character_set_client */;
/*!40101 SET character_set_client = utf8 */;
CREATE TABLE `employee` (
  `id` char(36) NOT NULL,
  `userName` varchar(60) NOT NULL,
  `authenticateId` varchar(100) NOT NULL,
  `firstName` varchar(100) NOT NULL,
  `lastName` varchar(100) NOT NULL,
  `title` varchar(100) NOT NULL,
  `department` varchar(225) NOT NULL,
  `isAdmin` bit(1) DEFAULT b'0',
  `home` varchar(100) NOT NULL,
  `mobile` varchar(100) NOT NULL,
  `workPhone` varchar(100) NOT NULL,
  `phoneExtension` varchar(100) NOT NULL,
  `active` bit(1) NOT NULL DEFAULT b'1',
  `chatId` varchar(100) DEFAULT NULL,
  `chatType` varchar(100) DEFAULT NULL,
  PRIMARY KEY (`id`)
) ENGINE=InnoDB DEFAULT CHARSET=latin1;
/*!40101 SET character_set_client = @saved_cs_client */;

--
-- Dumping data for table `employee`
--

LOCK TABLES `employee` WRITE;
/*!40000 ALTER TABLE `employee` DISABLE KEYS */;
INSERT INTO `employee` VALUES ('1','Whitney','WhitneyWhitney','Neil','Whitney','Broker','Payroll','','(422) 770-9840','(869) 368-0089','(713) 476-3330','931','\0','Whitney.Neil','YAHOO'),('10','GreerFuentesKerrScottBarnesNoblePorterRiggsChenWhitney','GreerGreerFuentesKerrScottBarnesNoblePorterRiggsChenWhitney','Ciaran','Greer','Sales Manager','Finances','\0','(227) 180-5527','(504) 967-6043','(357) 215-7401','099','\0','Greer.Ciaran','AIM'),('100','HansonBurtonContrerasHurstClarkVelasquezCooperSchmidtCoteCar','HansonHansonBurtonContrerasHurstClarkVelasquezCooperSchmidtCoteCarneyWiseBuckleyBlevinsHolcombGibson','Lillian','Hanson','Sales Manager','Finances','','(438) 101-1742','(567) 524-9138','(582) 808-0671','215','\0','Hanson.Lillian','SKYPE'),('11','ValdezGreerFuentesKerrScottBarnesNoblePorterRiggsChenWhitney','ValdezValdezGreerFuentesKerrScottBarnesNoblePorterRiggsChenWhitney','Igor','Valdez','VP','Tech Support','\0','(347) 877-0635','(337) 159-9656','(864) 450-2955','124','','Valdez.Igor','YAHOO'),('12','MccallValdezGreerFuentesKerrScottBarnesNoblePorterRiggsChenW','MccallMccallValdezGreerFuentesKerrScottBarnesNoblePorterRiggsChenWhitney','Inez','Mccall','Sales Manager','Tech Support','\0','(420) 803-8228','(211) 490-7868','(465) 890-0794','223','\0','Mccall.Inez','YAHOO'),('13','NoelMccallValdezGreerFuentesKerrScottBarnesNoblePorterRiggsC','NoelNoelMccallValdezGreerFuentesKerrScottBarnesNoblePorterRiggsChenWhitney','Clementine','Noel','Sales Manager','Asset Management','\0','(984) 107-8450','(314) 661-5883','(502) 733-4725','969','','Noel.Clementine','YAHOO'),('14','AllisonNoelMccallValdezGreerFuentesKerrScottBarnesNoblePorte','AllisonAllisonNoelMccallValdezGreerFuentesKerrScottBarnesNoblePorterRiggsChenWhitney','Tatum','Allison','Manager','Accounting','','(879) 682-8070','(649) 713-6361','(967) 759-5321','571','','Allison.Tatum','AIM'),('15','PetersAllisonNoelMccallValdezGreerFuentesKerrScottBarnesNobl','PetersPetersAllisonNoelMccallValdezGreerFuentesKerrScottBarnesNoblePorterRiggsChenWhitney','Nina','Peters','Sales Manager','Customer Relations','\0','(525) 484-9980','(577) 258-4089','(884) 683-0540','654','\0','Peters.Nina','AIM'),('16','DuranPetersAllisonNoelMccallValdezGreerFuentesKerrScottBarne','DuranDuranPetersAllisonNoelMccallValdezGreerFuentesKerrScottBarnesNoblePorterRiggsChenWhitney','Martina','Duran','Sales Manager','Asset Management','\0','(930) 774-0469','(413) 362-4818','(669) 107-9811','400','','Duran.Martina','SKYPE'),('17','VillarrealDuranPetersAllisonNoelMccallValdezGreerFuentesKerr','VillarrealVillarrealDuranPetersAllisonNoelMccallValdezGreerFuentesKerrScottBarnesNoblePorterRiggsChe','Sierra','Villarreal','VP','Media Relations','','(490) 289-1766','(826) 816-9978','(568) 178-2626','522','','Villarreal.Sierra','YAHOO'),('18','BellVillarrealDuranPetersAllisonNoelMccallValdezGreerFuentes','BellBellVillarrealDuranPetersAllisonNoelMccallValdezGreerFuentesKerrScottBarnesNoblePorterRiggsChenW','Mechelle','Bell','Broker','Sales and Marketing','\0','(950) 464-6757','(574) 767-0398','(779) 352-2582','278','','Bell.Mechelle','SKYPE'),('19','MullenBellVillarrealDuranPetersAllisonNoelMccallValdezGreerF','MullenMullenBellVillarrealDuranPetersAllisonNoelMccallValdezGreerFuentesKerrScottBarnesNoblePorterRi','Amanda','Mullen','Manager','Legal Department','\0','(512) 412-6353','(763) 297-6363','(920) 536-6704','918','','Mullen.Amanda','SKYPE'),('2','ChenWhitney','ChenChenWhitney','Channing','Chen','VP','Human Resources','','(541) 723-3093','(721) 620-2204','(518) 234-8463','187','\0','Chen.Channing','YAHOO'),('20','LucasMullenBellVillarrealDuranPetersAllisonNoelMccallValdezG','LucasLucasMullenBellVillarrealDuranPetersAllisonNoelMccallValdezGreerFuentesKerrScottBarnesNoblePort','Ezra','Lucas','Broker','Tech Support','\0','(649) 124-8272','(513) 488-6012','(125) 201-2913','733','','Lucas.Ezra','AIM'),('21','FisherLucasMullenBellVillarrealDuranPetersAllisonNoelMccallV','FisherFisherLucasMullenBellVillarrealDuranPetersAllisonNoelMccallValdezGreerFuentesKerrScottBarnesNo','Jacob','Fisher','Manager','Media Relations','\0','(855) 352-2630','(799) 336-8448','(997) 625-3364','600','','Fisher.Jacob','SKYPE'),('22','BuchananFisherLucasMullenBellVillarrealDuranPetersAllisonNoe','BuchananBuchananFisherLucasMullenBellVillarrealDuranPetersAllisonNoelMccallValdezGreerFuentesKerrSco','Quinn','Buchanan','Manager','Media Relations','','(755) 424-1226','(237) 763-4793','(365) 661-4870','285','','Buchanan.Quinn','AIM'),('23','RollinsBuchananFisherLucasMullenBellVillarrealDuranPetersAll','RollinsRollinsBuchananFisherLucasMullenBellVillarrealDuranPetersAllisonNoelMccallValdezGreerFuentesK','Joy','Rollins','Manager','Tech Support','','(916) 336-2772','(937) 529-7596','(510) 823-8748','334','\0','Rollins.Joy','SKYPE'),('24','WiseRollinsBuchananFisherLucasMullenBellVillarrealDuranPeter','WiseWiseRollinsBuchananFisherLucasMullenBellVillarrealDuranPetersAllisonNoelMccallValdezGreerFuentes','Hyatt','Wise','Manager','Asset Management','','(258) 140-2257','(357) 970-7514','(423) 715-5685','266','\0','Wise.Hyatt','SKYPE'),('25','PachecoWiseRollinsBuchananFisherLucasMullenBellVillarrealDur','PachecoPachecoWiseRollinsBuchananFisherLucasMullenBellVillarrealDuranPetersAllisonNoelMccallValdezGr','Jakeem','Pacheco','Broker','Advertising','','(156) 715-7789','(273) 764-6568','(534) 233-1155','667','','Pacheco.Jakeem','AIM'),('26','BrittPachecoWiseRollinsBuchananFisherLucasMullenBellVillarre','BrittBrittPachecoWiseRollinsBuchananFisherLucasMullenBellVillarrealDuranPetersAllisonNoelMccallValde','Carl','Britt','VP','Advertising','','(644) 749-0604','(114) 262-8898','(177) 932-7594','185','','Britt.Carl','YAHOO'),('27','WaltonBrittPachecoWiseRollinsBuchananFisherLucasMullenBellVi','WaltonWaltonBrittPachecoWiseRollinsBuchananFisherLucasMullenBellVillarrealDuranPetersAllisonNoelMcca','Brennan','Walton','Broker','Sales and Marketing','\0','(417) 996-3394','(607) 111-5398','(756) 742-6217','457','','Walton.Brennan','SKYPE'),('28','SalazarWaltonBrittPachecoWiseRollinsBuchananFisherLucasMulle','SalazarSalazarWaltonBrittPachecoWiseRollinsBuchananFisherLucasMullenBellVillarrealDuranPetersAllison','Briar','Salazar','Sales Manager','Quality Assurance','\0','(413) 630-6623','(734) 426-1650','(385) 976-7551','557','\0','Salazar.Briar','YAHOO'),('29','RobbinsSalazarWaltonBrittPachecoWiseRollinsBuchananFisherLuc','RobbinsRobbinsSalazarWaltonBrittPachecoWiseRollinsBuchananFisherLucasMullenBellVillarrealDuranPeters','Felix','Robbins','VP','Human Resources','','(760) 232-4523','(142) 348-6843','(325) 593-1252','602','\0','Robbins.Felix','SKYPE'),('3','RiggsChenWhitney','RiggsRiggsChenWhitney','Clare','Riggs','Broker','Public Relations','\0','(349) 491-3107','(551) 566-1202','(984) 875-8327','477','\0','Riggs.Clare','AIM'),('30','WallsRobbinsSalazarWaltonBrittPachecoWiseRollinsBuchananFish','WallsWallsRobbinsSalazarWaltonBrittPachecoWiseRollinsBuchananFisherLucasMullenBellVillarrealDuranPet','Alma','Walls','VP','Asset Management','\0','(886) 223-4684','(530) 297-9151','(330) 751-3131','647','\0','Walls.Alma','SKYPE'),('31','JoynerWallsRobbinsSalazarWaltonBrittPachecoWiseRollinsBuchan','JoynerJoynerWallsRobbinsSalazarWaltonBrittPachecoWiseRollinsBuchananFisherLucasMullenBellVillarrealD','Zia','Joyner','VP','Advertising','','(149) 122-5652','(427) 792-0133','(182) 682-0214','226','\0','Joyner.Zia','SKYPE'),('32','KelleyJoynerWallsRobbinsSalazarWaltonBrittPachecoWiseRollins','KelleyKelleyJoynerWallsRobbinsSalazarWaltonBrittPachecoWiseRollinsBuchananFisherLucasMullenBellVilla','Paki','Kelley','Sales Manager','Finances','\0','(369) 966-0505','(624) 281-8445','(173) 460-6245','338','\0','Kelley.Paki','AIM'),('33','GallowayKelleyJoynerWallsRobbinsSalazarWaltonBrittPachecoWis','GallowayGallowayKelleyJoynerWallsRobbinsSalazarWaltonBrittPachecoWiseRollinsBuchananFisherLucasMulle','Calvin','Galloway','Sales Manager','Quality Assurance','\0','(509) 474-7740','(794) 953-6609','(837) 382-7829','357','','Galloway.Calvin','AIM'),('34','BenderGallowayKelleyJoynerWallsRobbinsSalazarWaltonBrittPach','BenderBenderGallowayKelleyJoynerWallsRobbinsSalazarWaltonBrittPachecoWiseRollinsBuchananFisherLucasM','Iona','Bender','Manager','Legal Department','','(206) 899-3974','(148) 514-1866','(621) 274-6487','871','\0','Bender.Iona','SKYPE'),('35','MontoyaBenderGallowayKelleyJoynerWallsRobbinsSalazarWaltonBr','MontoyaMontoyaBenderGallowayKelleyJoynerWallsRobbinsSalazarWaltonBrittPachecoWiseRollinsBuchananFish','Malachi','Montoya','Manager','Payroll','','(266) 376-6422','(840) 448-9582','(574) 141-2177','670','','Montoya.Malachi','SKYPE'),('36','ZamoraMontoyaBenderGallowayKelleyJoynerWallsRobbinsSalazarWa','ZamoraZamoraMontoyaBenderGallowayKelleyJoynerWallsRobbinsSalazarWaltonBrittPachecoWiseRollinsBuchana','Amery','Zamora','Broker','Tech Support','','(111) 562-5674','(787) 782-6887','(327) 968-2298','394','\0','Zamora.Amery','AIM'),('37','ConwayZamoraMontoyaBenderGallowayKelleyJoynerWallsRobbinsSal','ConwayConwayZamoraMontoyaBenderGallowayKelleyJoynerWallsRobbinsSalazarWaltonBrittPachecoWiseRollinsB','Sandra','Conway','VP','Research and Development','\0','(946) 684-9250','(413) 769-0206','(786) 205-6565','152','','Conway.Sandra','YAHOO'),('38','MckinneyConwayZamoraMontoyaBenderGallowayKelleyJoynerWallsRo','MckinneyMckinneyConwayZamoraMontoyaBenderGallowayKelleyJoynerWallsRobbinsSalazarWaltonBrittPachecoWi','Charles','Mckinney','VP','Quality Assurance','\0','(731) 459-2574','(137) 103-9472','(623) 947-7754','413','','Mckinney.Charles','YAHOO'),('39','TurnerMckinneyConwayZamoraMontoyaBenderGallowayKelleyJoynerW','TurnerTurnerMckinneyConwayZamoraMontoyaBenderGallowayKelleyJoynerWallsRobbinsSalazarWaltonBrittPache','Aretha','Turner','Manager','Legal Department','\0','(142) 822-3332','(310) 304-9711','(408) 494-2042','867','\0','Turner.Aretha','SKYPE'),('4','PorterRiggsChenWhitney','PorterPorterRiggsChenWhitney','Castor','Porter','Sales Manager','Asset Management','\0','(823) 158-0063','(928) 694-1327','(378) 747-9155','781','','Porter.Castor','SKYPE'),('40','EstradaTurnerMckinneyConwayZamoraMontoyaBenderGallowayKelley','EstradaEstradaTurnerMckinneyConwayZamoraMontoyaBenderGallowayKelleyJoynerWallsRobbinsSalazarWaltonBr','Dieter','Estrada','VP','Asset Management','\0','(837) 975-3813','(501) 317-3603','(893) 818-4672','370','','Estrada.Dieter','AIM'),('41','GillespieEstradaTurnerMckinneyConwayZamoraMontoyaBenderGallo','GillespieGillespieEstradaTurnerMckinneyConwayZamoraMontoyaBenderGallowayKelleyJoynerWallsRobbinsSala','Jayme','Gillespie','Broker','Legal Department','','(387) 504-5158','(405) 760-5656','(732) 936-7098','562','','Gillespie.Jayme','AIM'),('42','SuarezGillespieEstradaTurnerMckinneyConwayZamoraMontoyaBende','SuarezSuarezGillespieEstradaTurnerMckinneyConwayZamoraMontoyaBenderGallowayKelleyJoynerWallsRobbinsS','Suki','Suarez','Manager','Accounting','\0','(854) 889-5851','(916) 721-4168','(710) 337-7068','247','\0','Suarez.Suki','SKYPE'),('43','CalhounSuarezGillespieEstradaTurnerMckinneyConwayZamoraMonto','CalhounCalhounSuarezGillespieEstradaTurnerMckinneyConwayZamoraMontoyaBenderGallowayKelleyJoynerWalls','Nina','Calhoun','Sales Manager','Tech Support','','(844) 164-4881','(509) 843-8938','(193) 200-2919','280','','Calhoun.Nina','AIM'),('44','GatesCalhounSuarezGillespieEstradaTurnerMckinneyConwayZamora','GatesGatesCalhounSuarezGillespieEstradaTurnerMckinneyConwayZamoraMontoyaBenderGallowayKelleyJoynerWa','Levi','Gates','Sales Manager','Customer Relations','\0','(275) 568-4844','(894) 756-5474','(124) 945-4919','784','\0','Gates.Levi','AIM'),('45','GibsonGatesCalhounSuarezGillespieEstradaTurnerMckinneyConway','GibsonGibsonGatesCalhounSuarezGillespieEstradaTurnerMckinneyConwayZamoraMontoyaBenderGallowayKelleyJ','Aurora','Gibson','Broker','Accounting','','(348) 741-9186','(800) 161-6132','(543) 411-7038','344','','Gibson.Aurora','SKYPE'),('46','MercadoGibsonGatesCalhounSuarezGillespieEstradaTurnerMckinne','MercadoMercadoGibsonGatesCalhounSuarezGillespieEstradaTurnerMckinneyConwayZamoraMontoyaBenderGallowa','Jackson','Mercado','VP','Asset Management','','(865) 370-0990','(678) 754-2652','(759) 148-7476','768','\0','Mercado.Jackson','SKYPE'),('47','WyattMercadoGibsonGatesCalhounSuarezGillespieEstradaTurnerMc','WyattWyattMercadoGibsonGatesCalhounSuarezGillespieEstradaTurnerMckinneyConwayZamoraMontoyaBenderGall','Laurel','Wyatt','VP','Advertising','\0','(675) 944-0295','(117) 138-0054','(317) 605-7466','495','\0','Wyatt.Laurel','AIM'),('48','WynnWyattMercadoGibsonGatesCalhounSuarezGillespieEstradaTurn','WynnWynnWyattMercadoGibsonGatesCalhounSuarezGillespieEstradaTurnerMckinneyConwayZamoraMontoyaBenderG','Sophia','Wynn','Broker','Finances','\0','(464) 298-7861','(858) 330-9000','(875) 661-1457','394','','Wynn.Sophia','AIM'),('49','ChristensenWynnWyattMercadoGibsonGatesCalhounSuarezGillespie','ChristensenChristensenWynnWyattMercadoGibsonGatesCalhounSuarezGillespieEstradaTurnerMckinneyConwayZa','Iola','Christensen','VP','Payroll','','(117) 394-1098','(949) 273-7171','(381) 841-2367','244','\0','Christensen.Iola','AIM'),('5','NoblePorterRiggsChenWhitney','NobleNoblePorterRiggsChenWhitney','Colt','Noble','Sales Manager','Customer Service','','(103) 499-5863','(238) 103-6371','(436) 857-9854','364','\0','Noble.Colt','YAHOO'),('50','RoyChristensenWynnWyattMercadoGibsonGatesCalhounSuarezGilles','RoyRoyChristensenWynnWyattMercadoGibsonGatesCalhounSuarezGillespieEstradaTurnerMckinneyConwayZamoraM','Macaulay','Roy','Broker','Customer Relations','','(494) 718-9810','(531) 842-8275','(470) 295-4992','320','','Roy.Macaulay','AIM'),('51','FrederickRoyChristensenWynnWyattMercadoGibsonGatesCalhounSua','FrederickFrederickRoyChristensenWynnWyattMercadoGibsonGatesCalhounSuarezGillespieEstradaTurnerMckinn','Althea','Frederick','Broker','Human Resources','','(811) 719-8700','(196) 253-2714','(587) 814-2994','915','\0','Frederick.Althea','SKYPE'),('52','KiddFrederickRoyChristensenWynnWyattMercadoGibsonGatesCalhou','KiddKiddFrederickRoyChristensenWynnWyattMercadoGibsonGatesCalhounSuarezGillespieEstradaTurnerMckinne','Fritz','Kidd','Sales Manager','Asset Management','\0','(270) 748-6621','(523) 486-2266','(694) 123-3859','432','\0','Kidd.Fritz','AIM'),('53','BarnesKiddFrederickRoyChristensenWynnWyattMercadoGibsonGates','BarnesBarnesKiddFrederickRoyChristensenWynnWyattMercadoGibsonGatesCalhounSuarezGillespieEstradaTurne','Ginger','Barnes','Sales Manager','Sales and Marketing','\0','(139) 673-6503','(150) 161-3947','(569) 959-2493','873','','Barnes.Ginger','YAHOO'),('54','HowellBarnesKiddFrederickRoyChristensenWynnWyattMercadoGibso','HowellHowellBarnesKiddFrederickRoyChristensenWynnWyattMercadoGibsonGatesCalhounSuarezGillespieEstrad','Benjamin','Howell','Manager','Payroll','\0','(562) 867-9251','(711) 377-8534','(558) 263-1207','778','\0','Howell.Benjamin','YAHOO'),('55','McbrideHowellBarnesKiddFrederickRoyChristensenWynnWyattMerca','McbrideMcbrideHowellBarnesKiddFrederickRoyChristensenWynnWyattMercadoGibsonGatesCalhounSuarezGillesp','Sybill','Mcbride','VP','Public Relations','','(217) 753-7837','(275) 662-6159','(187) 961-8179','071','\0','Mcbride.Sybill','YAHOO'),('56','McclureMcbrideHowellBarnesKiddFrederickRoyChristensenWynnWya','McclureMcclureMcbrideHowellBarnesKiddFrederickRoyChristensenWynnWyattMercadoGibsonGatesCalhounSuarez','Maile','Mcclure','Sales Manager','Human Resources','','(673) 481-8722','(683) 604-5387','(932) 853-6517','317','','Mcclure.Maile','SKYPE'),('57','RichardsonMcclureMcbrideHowellBarnesKiddFrederickRoyChristen','RichardsonRichardsonMcclureMcbrideHowellBarnesKiddFrederickRoyChristensenWynnWyattMercadoGibsonGates','Nash','Richardson','VP','Advertising','','(413) 392-0862','(712) 903-7287','(572) 697-6281','422','','Richardson.Nash','AIM'),('58','SolomonRichardsonMcclureMcbrideHowellBarnesKiddFrederickRoyC','SolomonSolomonRichardsonMcclureMcbrideHowellBarnesKiddFrederickRoyChristensenWynnWyattMercadoGibsonG','Cora','Solomon','Broker','Asset Management','\0','(360) 987-8076','(182) 598-5619','(995) 150-1712','838','','Solomon.Cora','AIM'),('59','TylerSolomonRichardsonMcclureMcbrideHowellBarnesKiddFrederic','TylerTylerSolomonRichardsonMcclureMcbrideHowellBarnesKiddFrederickRoyChristensenWynnWyattMercadoGibs','Demetria','Tyler','Manager','Research and Development','\0','(735) 672-7072','(296) 547-7249','(238) 508-5480','949','','Tyler.Demetria','SKYPE'),('6','BarnesNoblePorterRiggsChenWhitney','BarnesBarnesNoblePorterRiggsChenWhitney','Lucas','Barnes','Manager','Quality Assurance','\0','(314) 413-3442','(292) 144-4324','(892) 408-7826','748','\0','Barnes.Lucas','AIM'),('60','NortonTylerSolomonRichardsonMcclureMcbrideHowellBarnesKiddFr','NortonNortonTylerSolomonRichardsonMcclureMcbrideHowellBarnesKiddFrederickRoyChristensenWynnWyattMerc','Wayne','Norton','VP','Asset Management','\0','(976) 444-7586','(536) 268-4189','(423) 254-1129','876','\0','Norton.Wayne','SKYPE'),('61','BernardNortonTylerSolomonRichardsonMcclureMcbrideHowellBarne','BernardBernardNortonTylerSolomonRichardsonMcclureMcbrideHowellBarnesKiddFrederickRoyChristensenWynnW','Colt','Bernard','Sales Manager','Tech Support','\0','(271) 170-7180','(135) 161-5860','(488) 591-2671','225','\0','Bernard.Colt','YAHOO'),('62','MeyersBernardNortonTylerSolomonRichardsonMcclureMcbrideHowel','MeyersMeyersBernardNortonTylerSolomonRichardsonMcclureMcbrideHowellBarnesKiddFrederickRoyChristensen','Martena','Meyers','Manager','Media Relations','','(216) 846-6724','(974) 857-2334','(112) 861-1935','964','','Meyers.Martena','SKYPE'),('63','KinneyMeyersBernardNortonTylerSolomonRichardsonMcclureMcbrid','KinneyKinneyMeyersBernardNortonTylerSolomonRichardsonMcclureMcbrideHowellBarnesKiddFrederickRoyChris','Lois','Kinney','VP','Advertising','\0','(359) 845-2004','(623) 894-1222','(847) 454-5969','956','\0','Kinney.Lois','YAHOO'),('64','HoldenKinneyMeyersBernardNortonTylerSolomonRichardsonMcclure','HoldenHoldenKinneyMeyersBernardNortonTylerSolomonRichardsonMcclureMcbrideHowellBarnesKiddFrederickRo','Abdul','Holden','VP','Research and Development','\0','(776) 357-6346','(615) 503-0620','(118) 341-6841','062','','Holden.Abdul','SKYPE'),('65','LindsayHoldenKinneyMeyersBernardNortonTylerSolomonRichardson','LindsayLindsayHoldenKinneyMeyersBernardNortonTylerSolomonRichardsonMcclureMcbrideHowellBarnesKiddFre','Quyn','Lindsay','Manager','Tech Support','','(226) 977-2634','(924) 661-5931','(369) 315-7439','054','\0','Lindsay.Quyn','YAHOO'),('66','WorkmanLindsayHoldenKinneyMeyersBernardNortonTylerSolomonRic','WorkmanWorkmanLindsayHoldenKinneyMeyersBernardNortonTylerSolomonRichardsonMcclureMcbrideHowellBarnes','Theodore','Workman','Broker','Media Relations','','(930) 197-1224','(273) 287-9561','(179) 718-3444','286','','Workman.Theodore','YAHOO'),('67','PadillaWorkmanLindsayHoldenKinneyMeyersBernardNortonTylerSol','PadillaPadillaWorkmanLindsayHoldenKinneyMeyersBernardNortonTylerSolomonRichardsonMcclureMcbrideHowel','Keith','Padilla','Broker','Payroll','\0','(908) 194-1851','(863) 237-1457','(428) 861-4460','429','\0','Padilla.Keith','YAHOO'),('68','SellersPadillaWorkmanLindsayHoldenKinneyMeyersBernardNortonT','SellersSellersPadillaWorkmanLindsayHoldenKinneyMeyersBernardNortonTylerSolomonRichardsonMcclureMcbri','Shelby','Sellers','Sales Manager','Asset Management','','(675) 457-1033','(258) 633-9002','(534) 260-5065','417','','Sellers.Shelby','YAHOO'),('69','AllisonSellersPadillaWorkmanLindsayHoldenKinneyMeyersBernard','AllisonAllisonSellersPadillaWorkmanLindsayHoldenKinneyMeyersBernardNortonTylerSolomonRichardsonMcclu','Chanda','Allison','Sales Manager','Public Relations','\0','(763) 466-5582','(632) 349-3887','(120) 491-0375','184','\0','Allison.Chanda','AIM'),('7','ScottBarnesNoblePorterRiggsChenWhitney','ScottScottBarnesNoblePorterRiggsChenWhitney','Nissim','Scott','Broker','Tech Support','\0','(834) 309-3840','(697) 987-7005','(549) 863-8792','595','','Scott.Nissim','YAHOO'),('70','KeyAllisonSellersPadillaWorkmanLindsayHoldenKinneyMeyersBern','KeyKeyAllisonSellersPadillaWorkmanLindsayHoldenKinneyMeyersBernardNortonTylerSolomonRichardsonMcclur','Harlan','Key','Sales Manager','Accounting','\0','(237) 298-1460','(266) 975-4407','(367) 685-4595','653','\0','Key.Harlan','YAHOO'),('71','HickmanKeyAllisonSellersPadillaWorkmanLindsayHoldenKinneyMey','HickmanHickmanKeyAllisonSellersPadillaWorkmanLindsayHoldenKinneyMeyersBernardNortonTylerSolomonRicha','Lance','Hickman','Broker','Media Relations','\0','(834) 720-8603','(670) 482-6503','(531) 905-9177','220','\0','Hickman.Lance','YAHOO'),('72','HullHickmanKeyAllisonSellersPadillaWorkmanLindsayHoldenKinne','HullHullHickmanKeyAllisonSellersPadillaWorkmanLindsayHoldenKinneyMeyersBernardNortonTylerSolomonRich','Emily','Hull','Broker','Quality Assurance','\0','(717) 941-5624','(634) 214-0083','(570) 978-2515','664','','Hull.Emily','AIM'),('73','MosleyHullHickmanKeyAllisonSellersPadillaWorkmanLindsayHolde','MosleyMosleyHullHickmanKeyAllisonSellersPadillaWorkmanLindsayHoldenKinneyMeyersBernardNortonTylerSol','Brennan','Mosley','Broker','Accounting','\0','(851) 258-0233','(116) 365-8930','(916) 316-9477','155','\0','Mosley.Brennan','YAHOO'),('74','WoodwardMosleyHullHickmanKeyAllisonSellersPadillaWorkmanLind','WoodwardWoodwardMosleyHullHickmanKeyAllisonSellersPadillaWorkmanLindsayHoldenKinneyMeyersBernardNort','George','Woodward','Broker','Research and Development','\0','(317) 246-0461','(254) 874-5399','(166) 102-8230','570','\0','Woodward.George','AIM'),('75','MarshallWoodwardMosleyHullHickmanKeyAllisonSellersPadillaWor','MarshallMarshallWoodwardMosleyHullHickmanKeyAllisonSellersPadillaWorkmanLindsayHoldenKinneyMeyersBer','Daria','Marshall','Sales Manager','Advertising','','(877) 828-3196','(729) 940-0433','(515) 488-9978','649','\0','Marshall.Daria','AIM'),('76','RoweMarshallWoodwardMosleyHullHickmanKeyAllisonSellersPadill','RoweRoweMarshallWoodwardMosleyHullHickmanKeyAllisonSellersPadillaWorkmanLindsayHoldenKinneyMeyersBer','Sylvia','Rowe','Manager','Sales and Marketing','\0','(165) 648-1635','(675) 497-2308','(815) 622-0801','399','\0','Rowe.Sylvia','SKYPE'),('77','CannonRoweMarshallWoodwardMosleyHullHickmanKeyAllisonSellers','CannonCannonRoweMarshallWoodwardMosleyHullHickmanKeyAllisonSellersPadillaWorkmanLindsayHoldenKinneyM','Bruno','Cannon','Broker','Quality Assurance','\0','(101) 462-7328','(214) 552-0264','(466) 667-4641','290','\0','Cannon.Bruno','YAHOO'),('78','HartmanCannonRoweMarshallWoodwardMosleyHullHickmanKeyAllison','HartmanHartmanCannonRoweMarshallWoodwardMosleyHullHickmanKeyAllisonSellersPadillaWorkmanLindsayHolde','Karleigh','Hartman','VP','Sales and Marketing','\0','(511) 383-9886','(588) 876-1290','(275) 116-2415','080','','Hartman.Karleigh','YAHOO'),('79','CobbHartmanCannonRoweMarshallWoodwardMosleyHullHickmanKeyAll','CobbCobbHartmanCannonRoweMarshallWoodwardMosleyHullHickmanKeyAllisonSellersPadillaWorkmanLindsayHold','Darryl','Cobb','VP','Customer Service','','(690) 781-7640','(990) 271-4734','(606) 543-6676','292','','Cobb.Darryl','SKYPE'),('8','KerrScottBarnesNoblePorterRiggsChenWhitney','KerrKerrScottBarnesNoblePorterRiggsChenWhitney','Harrison','Kerr','VP','Payroll','','(164) 637-3268','(151) 876-4771','(761) 877-5653','099','\0','Kerr.Harrison','SKYPE'),('80','RussellCobbHartmanCannonRoweMarshallWoodwardMosleyHullHickma','RussellRussellCobbHartmanCannonRoweMarshallWoodwardMosleyHullHickmanKeyAllisonSellersPadillaWorkmanL','Urielle','Russell','VP','Media Relations','\0','(498) 623-5478','(439) 650-2684','(103) 511-0192','074','\0','Russell.Urielle','YAHOO'),('81','BentleyRussellCobbHartmanCannonRoweMarshallWoodwardMosleyHul','BentleyBentleyRussellCobbHartmanCannonRoweMarshallWoodwardMosleyHullHickmanKeyAllisonSellersPadillaW','Eden','Bentley','Broker','Customer Service','\0','(533) 864-2753','(793) 989-3811','(305) 853-6097','716','','Bentley.Eden','SKYPE'),('82','DrakeBentleyRussellCobbHartmanCannonRoweMarshallWoodwardMosl','DrakeDrakeBentleyRussellCobbHartmanCannonRoweMarshallWoodwardMosleyHullHickmanKeyAllisonSellersPadil','Rylee','Drake','Manager','Asset Management','','(176) 160-4245','(108) 405-1484','(177) 135-3849','916','\0','Drake.Rylee','SKYPE'),('83','DownsDrakeBentleyRussellCobbHartmanCannonRoweMarshallWoodwar','DownsDownsDrakeBentleyRussellCobbHartmanCannonRoweMarshallWoodwardMosleyHullHickmanKeyAllisonSellers','Ora','Downs','Broker','Human Resources','\0','(105) 545-0066','(105) 889-0356','(595) 354-4636','233','\0','Downs.Ora','YAHOO'),('84','JohnstonDownsDrakeBentleyRussellCobbHartmanCannonRoweMarshal','JohnstonJohnstonDownsDrakeBentleyRussellCobbHartmanCannonRoweMarshallWoodwardMosleyHullHickmanKeyAll','Wylie','Johnston','Broker','Accounting','\0','(709) 978-3866','(368) 841-8202','(392) 622-0525','923','\0','Johnston.Wylie','SKYPE'),('85','MckenzieJohnstonDownsDrakeBentleyRussellCobbHartmanCannonRow','MckenzieMckenzieJohnstonDownsDrakeBentleyRussellCobbHartmanCannonRoweMarshallWoodwardMosleyHullHickm','Destiny','Mckenzie','Broker','Public Relations','','(659) 158-8985','(506) 403-3184','(999) 609-9177','179','\0','Mckenzie.Destiny','YAHOO'),('86','GibsonMckenzieJohnstonDownsDrakeBentleyRussellCobbHartmanCan','GibsonGibsonMckenzieJohnstonDownsDrakeBentleyRussellCobbHartmanCannonRoweMarshallWoodwardMosleyHullH','Brynn','Gibson','VP','Customer Relations','\0','(826) 909-2411','(652) 635-1065','(804) 687-2566','921','','Gibson.Brynn','YAHOO'),('87','HolcombGibsonMckenzieJohnstonDownsDrakeBentleyRussellCobbHar','HolcombHolcombGibsonMckenzieJohnstonDownsDrakeBentleyRussellCobbHartmanCannonRoweMarshallWoodwardMos','Rebecca','Holcomb','Broker','Research and Development','','(772) 470-0519','(114) 527-5174','(120) 489-1369','830','\0','Holcomb.Rebecca','SKYPE'),('88','BlevinsHolcombGibsonMckenzieJohnstonDownsDrakeBentleyRussell','BlevinsBlevinsHolcombGibsonMckenzieJohnstonDownsDrakeBentleyRussellCobbHartmanCannonRoweMarshallWood','Yael','Blevins','Broker','Sales and Marketing','','(299) 394-8835','(777) 848-2202','(631) 988-0247','103','','Blevins.Yael','AIM'),('89','BuckleyBlevinsHolcombGibsonMckenzieJohnstonDownsDrakeBentley','BuckleyBuckleyBlevinsHolcombGibsonMckenzieJohnstonDownsDrakeBentleyRussellCobbHartmanCannonRoweMarsh','Jackson','Buckley','Manager','Quality Assurance','','(207) 542-9606','(405) 801-9508','(105) 286-7687','351','\0','Buckley.Jackson','YAHOO'),('9','FuentesKerrScottBarnesNoblePorterRiggsChenWhitney','FuentesFuentesKerrScottBarnesNoblePorterRiggsChenWhitney','Channing','Fuentes','Sales Manager','Accounting','','(216) 502-0781','(879) 580-7731','(334) 876-6590','193','\0','Fuentes.Channing','YAHOO'),('90','WiseBuckleyBlevinsHolcombGibsonMckenzieJohnstonDownsDrakeBen','WiseWiseBuckleyBlevinsHolcombGibsonMckenzieJohnstonDownsDrakeBentleyRussellCobbHartmanCannonRoweMars','Laura','Wise','Manager','Research and Development','\0','(386) 554-2858','(285) 614-7377','(600) 492-1355','369','','Wise.Laura','YAHOO'),('91','CarneyWiseBuckleyBlevinsHolcombGibsonMckenzieJohnstonDownsDr','CarneyCarneyWiseBuckleyBlevinsHolcombGibsonMckenzieJohnstonDownsDrakeBentleyRussellCobbHartmanCannon','Tobias','Carney','Manager','Tech Support','\0','(151) 165-1892','(667) 643-0949','(183) 607-1929','783','\0','Carney.Tobias','SKYPE'),('92','CoteCarneyWiseBuckleyBlevinsHolcombGibsonMckenzieJohnstonDow','CoteCoteCarneyWiseBuckleyBlevinsHolcombGibsonMckenzieJohnstonDownsDrakeBentleyRussellCobbHartmanCann','Danielle','Cote','Sales Manager','Sales and Marketing','\0','(766) 691-2111','(295) 433-5500','(414) 102-7050','848','','Cote.Danielle','AIM'),('93','SchmidtCoteCarneyWiseBuckleyBlevinsHolcombGibsonMckenzieJohn','SchmidtSchmidtCoteCarneyWiseBuckleyBlevinsHolcombGibsonMckenzieJohnstonDownsDrakeBentleyRussellCobbH','Violet','Schmidt','Manager','Media Relations','\0','(302) 744-2095','(408) 671-5852','(655) 890-6681','407','','Schmidt.Violet','AIM'),('94','CooperSchmidtCoteCarneyWiseBuckleyBlevinsHolcombGibsonMckenz','CooperCooperSchmidtCoteCarneyWiseBuckleyBlevinsHolcombGibsonMckenzieJohnstonDownsDrakeBentleyRussell','Kyla','Cooper','Broker','Tech Support','\0','(576) 293-4608','(580) 617-0038','(871) 900-9234','531','\0','Cooper.Kyla','SKYPE'),('95','VelasquezCooperSchmidtCoteCarneyWiseBuckleyBlevinsHolcombGib','VelasquezVelasquezCooperSchmidtCoteCarneyWiseBuckleyBlevinsHolcombGibsonMckenzieJohnstonDownsDrakeBe','Ora','Velasquez','Broker','Asset Management','\0','(311) 286-3615','(900) 625-3254','(986) 831-7690','613','\0','Velasquez.Ora','AIM'),('96','ClarkVelasquezCooperSchmidtCoteCarneyWiseBuckleyBlevinsHolco','ClarkClarkVelasquezCooperSchmidtCoteCarneyWiseBuckleyBlevinsHolcombGibsonMckenzieJohnstonDownsDrakeB','Stacey','Clark','VP','Payroll','','(991) 280-2914','(492) 134-6875','(847) 129-3814','760','','Clark.Stacey','AIM'),('97','HurstClarkVelasquezCooperSchmidtCoteCarneyWiseBuckleyBlevins','HurstHurstClarkVelasquezCooperSchmidtCoteCarneyWiseBuckleyBlevinsHolcombGibsonMckenzieJohnstonDownsD','Justina','Hurst','Broker','Payroll','','(372) 814-8888','(691) 735-3404','(906) 413-4049','799','\0','Hurst.Justina','YAHOO'),('98','ContrerasHurstClarkVelasquezCooperSchmidtCoteCarneyWiseBuckl','ContrerasContrerasHurstClarkVelasquezCooperSchmidtCoteCarneyWiseBuckleyBlevinsHolcombGibsonMckenzieJ','Hiroko','Contreras','Manager','Legal Department','\0','(410) 517-8910','(869) 728-5829','(439) 951-1739','648','','Contreras.Hiroko','YAHOO'),('99','BurtonContrerasHurstClarkVelasquezCooperSchmidtCoteCarneyWis','BurtonBurtonContrerasHurstClarkVelasquezCooperSchmidtCoteCarneyWiseBuckleyBlevinsHolcombGibsonMckenz','Illiana','Burton','Manager','Payroll','\0','(957) 489-4189','(835) 332-0335','(251) 700-4118','494','','Burton.Illiana','YAHOO');
/*!40000 ALTER TABLE `employee` ENABLE KEYS */;
UNLOCK TABLES;

--
-- Table structure for table `employee_account`
--

DROP TABLE IF EXISTS `employee_account`;
/*!40101 SET @saved_cs_client     = @@character_set_client */;
/*!40101 SET character_set_client = utf8 */;
CREATE TABLE `employee_account` (
  `employee_id` char(36) NOT NULL,
  `account_id` char(36) NOT NULL,
  PRIMARY KEY (`employee_id`,`account_id`),
  KEY `account_id` (`account_id`),
  CONSTRAINT `employee_account_ibfk_1` FOREIGN KEY (`employee_id`) REFERENCES `employee` (`id`),
  CONSTRAINT `employee_account_ibfk_2` FOREIGN KEY (`account_id`) REFERENCES `account` (`id`)
) ENGINE=InnoDB DEFAULT CHARSET=latin1;
/*!40101 SET character_set_client = @saved_cs_client */;

--
-- Dumping data for table `employee_account`
--

LOCK TABLES `employee_account` WRITE;
/*!40000 ALTER TABLE `employee_account` DISABLE KEYS */;
/*!40000 ALTER TABLE `employee_account` ENABLE KEYS */;
UNLOCK TABLES;

--
-- Table structure for table `meeting`
--

DROP TABLE IF EXISTS `meeting`;
/*!40101 SET @saved_cs_client     = @@character_set_client */;
/*!40101 SET character_set_client = utf8 */;
CREATE TABLE `meeting` (
  `id` int(10) NOT NULL,
  `scheduledFor` datetime NOT NULL,
  `description` text,
  `agenda` text,
  `blog` text,
  `location` varchar(50) DEFAULT NULL,
  `joinUrl` varchar(200) DEFAULT NULL,
  `externalId` char(36) DEFAULT NULL,
  `durationHours` int(3) NOT NULL,
  `durationMinutes` int(2) NOT NULL,
  `status` varchar(100) NOT NULL DEFAULT 'Planned',
  `meetingType` varchar(225) NOT NULL,
  `reminderTime` datetime DEFAULT NULL,
  `emailReminderTime` datetime DEFAULT NULL,
  PRIMARY KEY (`id`)
) ENGINE=InnoDB DEFAULT CHARSET=latin1;
/*!40101 SET character_set_client = @saved_cs_client */;

--
-- Dumping data for table `meeting`
--

LOCK TABLES `meeting` WRITE;
/*!40000 ALTER TABLE `meeting` DISABLE KEYS */;
INSERT INTO `meeting` VALUES (1,'2014-03-12 08:34:46','ut, nulla. Cras eu tellus eu augue porttitor interdum. Sed','Mauris molestie pharetra nibh. Aliquam ornare, libero at auctor ullamcorper,','netus et malesuada fames ac turpis egestas. Aliquam fringilla cursus','Their Office','5FE6EEE7-D2FE-4310-86A7-C845D4A39C9F','7800',4,4,'Completed','Sales Call','2013-06-13 09:24:42','2015-02-13 22:37:26'),(2,'2014-01-29 23:08:41','Fusce feugiat. Lorem ipsum dolor sit amet, consectetuer adipiscing elit.','dis parturient montes, nascetur ridiculus mus. Proin vel arcu eu','Proin vel arcu eu odio tristique pharetra. Quisque ac libero','Their Office','7B2A9C46-72F8-3EF2-6656-7822B2B5395D','4881',6,1,'Completed','Sales Call','2014-01-04 19:14:04','2013-04-27 07:06:17'),(3,'2013-09-10 20:07:56','rutrum lorem ac risus. Morbi metus. Vivamus euismod urna. Nullam','auctor, nunc nulla vulputate dui, nec tempus mauris erat eget','sit amet risus. Donec egestas. Aliquam nec enim. Nunc ut','Our Offices','2FF4ABA8-0117-BD4B-73C8-3EFFF32660D2','5561',7,52,'Completed','Sales Call','2013-12-04 20:49:46','2014-02-01 09:30:44'),(4,'2014-02-20 03:34:19','ante. Vivamus non lorem vitae odio sagittis semper. Nam tempor','at risus. Nunc ac sem ut dolor dapibus gravida. Aliquam','Vestibulum ante ipsum primis in faucibus orci luctus et ultrices','Their Office','DE6F1B0A-769D-5A40-2108-5CFE9A534DD6','7933',2,29,'Completed','Sales Call','2014-04-26 13:41:33','2013-09-13 02:35:46'),(5,'2013-10-28 22:30:27','lorem, auctor quis, tristique ac, eleifend vitae, erat. Vivamus nisi.','erat vel pede blandit congue. In scelerisque scelerisque dui. Suspendisse','sit amet, risus. Donec nibh enim, gravida sit amet, dapibus','Our Offices','CE5CDA1F-646A-6352-939D-301048FC1D3C','2601',6,21,'Completed','On Boarding','2014-11-12 04:17:57','2014-04-03 11:14:39'),(6,'2013-04-16 04:46:35','diam. Proin dolor. Nulla semper tellus id nunc interdum feugiat.','Vivamus non lorem vitae odio sagittis semper. Nam tempor diam','vehicula. Pellentesque tincidunt tempus risus. Donec egestas. Duis ac arcu.','Restaurant','28FEB5B4-4C37-1B0D-5FF1-A604FF8CA874','2791',2,56,'Completed','On Boarding','2015-02-13 16:20:33','2013-07-03 03:44:21'),(7,'2013-10-12 22:13:55','aliquet, sem ut cursus luctus, ipsum leo elementum sem, vitae','nec tellus. Nunc lectus pede, ultrices a, auctor non, feugiat','quis, pede. Praesent eu dui. Cum sociis natoque penatibus et','Restaurant','BBE21D79-44AE-14C9-490F-8593699E6954','5773',5,27,'Completed','On Boarding','2013-08-27 18:29:20','2013-12-27 21:34:51'),(8,'2014-03-12 21:05:22','purus gravida sagittis. Duis gravida. Praesent eu nulla at sem','facilisis vitae, orci. Phasellus dapibus quam quis diam. Pellentesque habitant','egestas hendrerit neque. In ornare sagittis felis. Donec tempor, est','Their Office','7E6858E9-6CEC-2920-482A-F68F363097C2','4660',6,10,'Completed','Sales Call','2013-10-30 10:02:04','2013-03-24 07:30:05'),(9,'2014-03-07 02:44:00','suscipit, est ac facilisis facilisis, magna tellus faucibus leo, in','orci. Donec nibh. Quisque nonummy ipsum non arcu. Vivamus sit','erat volutpat. Nulla dignissim. Maecenas ornare egestas ligula. Nullam feugiat','Their Office','398A0980-60AB-F3C1-E0D4-BB4B942B5881','9612',1,34,'Completed','Sales Call','2014-10-27 19:55:33','2014-06-15 22:36:15'),(10,'2014-03-17 17:04:23','nisi. Mauris nulla. Integer urna. Vivamus molestie dapibus ligula. Aliquam','dui quis accumsan convallis, ante lectus convallis est, vitae sodales','consectetuer adipiscing elit. Curabitur sed tortor. Integer aliquam adipiscing lacus.','Their Office','150DACC2-B6BC-A138-5B15-AC6BDAA7D5B4','5458',2,4,'Completed','On Boarding','2013-08-27 22:12:56','2014-02-02 15:15:55'),(11,'2014-09-15 11:01:15','ut quam vel sapien imperdiet ornare. In faucibus. Morbi vehicula.','auctor vitae, aliquet nec, imperdiet nec, leo. Morbi neque tellus,','eu nulla at sem molestie sodales. Mauris blandit enim consequat','Their Office','4FE61169-DDED-F47F-7B40-B378876A6E4E','7093',9,27,'Completed','Sales Call','2013-05-26 22:50:29','2014-02-15 13:18:39'),(12,'2013-05-06 18:35:00','tellus. Suspendisse sed dolor. Fusce mi lorem, vehicula et, rutrum','magna tellus faucibus leo, in lobortis tellus justo sit amet','eleifend, nunc risus varius orci, in consequat enim diam vel','Our Offices','25DDC10C-114B-4890-5C85-9E36F41EE0D3','5115',3,34,'Completed','Sales Call','2013-07-24 02:41:10','2013-05-01 22:20:13'),(13,'2013-05-24 11:56:16','Nam interdum enim non nisi. Aenean eget metus. In nec','Aliquam gravida mauris ut mi. Duis risus odio, auctor vitae,','nascetur ridiculus mus. Aenean eget magna. Suspendisse tristique neque venenatis','Our Offices','EEB4B8EC-3AFA-3679-3388-9B829265DDC5','9761',3,47,'Completed','Follow Up','2014-04-20 20:18:37','2013-06-19 22:53:49'),(14,'2015-01-14 18:58:23','ante lectus convallis est, vitae sodales nisi magna sed dui.','inceptos hymenaeos. Mauris ut quam vel sapien imperdiet ornare. In','Vivamus rhoncus. Donec est. Nunc ullamcorper, velit in aliquet lobortis,','Our Offices','CA29175A-3C14-294E-DA6D-C958476774F9','2834',9,25,'Completed','Sales Call','2013-04-28 04:22:57','2014-03-20 03:12:31'),(15,'2014-02-17 19:43:41','Mauris magna. Duis dignissim tempor arcu. Vestibulum ut eros non','libero nec ligula consectetuer rhoncus. Nullam velit dui, semper et,','eget mollis lectus pede et risus. Quisque libero lacus, varius','Our Offices','16A953B9-6636-CE21-39B3-82BF93194A35','6371',1,35,'Completed','Follow Up','2014-07-22 16:30:16','2015-02-26 16:05:09'),(16,'2014-10-10 01:13:09','Sed eu eros. Nam consequat dolor vitae dolor. Donec fringilla.','Ut tincidunt vehicula risus. Nulla eget metus eu erat semper','ut, molestie in, tempus eu, ligula. Aenean euismod mauris eu','Our Offices','99226FC0-FB77-0A52-5579-2A5C672C1800','6133',3,8,'Completed','On Boarding','2013-10-25 18:34:14','2013-12-09 22:01:34'),(17,'2014-04-18 21:43:47','Duis mi enim, condimentum eget, volutpat ornare, facilisis eget, ipsum.','leo. Vivamus nibh dolor, nonummy ac, feugiat non, lobortis quis,','libero. Proin mi. Aliquam gravida mauris ut mi. Duis risus','Restaurant','B6D1ECDB-3F04-FDEC-3053-80EDD5A1055D','7443',1,46,'Completed','Sales Call','2013-11-14 14:50:29','2014-12-26 05:35:23'),(18,'2013-10-16 03:30:25','dictum mi, ac mattis velit justo nec ante. Maecenas mi','eget, volutpat ornare, facilisis eget, ipsum. Donec sollicitudin adipiscing ligula.','lorem semper auctor. Mauris vel turpis. Aliquam adipiscing lobortis risus.','Our Offices','84206A61-05E3-EB3F-C304-B86EA42D09DC','7344',1,11,'Completed','On Boarding','2014-12-31 10:15:33','2013-11-10 13:08:15'),(19,'2014-08-03 04:07:07','diam lorem, auctor quis, tristique ac, eleifend vitae, erat. Vivamus','velit. Aliquam nisl. Nulla eu neque pellentesque massa lobortis ultrices.','odio vel est tempor bibendum. Donec felis orci, adipiscing non,','Our Offices','C6A1E909-E423-6FEB-F578-3208D262A4F5','7504',6,32,'Completed','On Boarding','2013-08-09 08:38:09','2013-09-28 16:17:36'),(20,'2013-03-27 19:23:26','non nisi. Aenean eget metus. In nec orci. Donec nibh.','sem eget massa. Suspendisse eleifend. Cras sed leo. Cras vehicula','molestie tellus. Aenean egestas hendrerit neque. In ornare sagittis felis.','Our Offices','42BCBB8A-46A5-44A0-9167-DC7E4823782C','5653',3,57,'Completed','Sales Call','2013-12-28 09:55:58','2014-01-25 04:10:08'),(21,'2014-07-21 07:08:51','fringilla ornare placerat, orci lacus vestibulum lorem, sit amet ultricies','cursus et, eros. Proin ultrices. Duis volutpat nunc sit amet','fringilla purus mauris a nunc. In at pede. Cras vulputate','Our Offices','3173B2BA-C7FD-1A4E-4933-774494678D26','3426',1,15,'Completed','Follow Up','2015-01-16 20:11:54','2014-09-10 09:53:21'),(22,'2013-08-06 15:16:34','Integer sem elit, pharetra ut, pharetra sed, hendrerit a, arcu.','cubilia Curae; Phasellus ornare. Fusce mollis. Duis sit amet diam','velit. Quisque varius. Nam porttitor scelerisque neque. Nullam nisl. Maecenas','Restaurant','D8D51BB6-CD75-A5FE-5E92-991C445EF527','8519',1,51,'Completed','On Boarding','2013-12-22 23:03:53','2013-03-25 17:02:53'),(23,'2013-04-28 13:38:17','in aliquet lobortis, nisi nibh lacinia orci, consectetuer euismod est','lorem. Donec elementum, lorem ut aliquam iaculis, lacus pede sagittis','Curabitur dictum. Phasellus in felis. Nulla tempor augue ac ipsum.','Their Office','DA8D47C0-C7C0-2526-444C-7FF86A030663','4182',9,47,'Completed','Sales Call','2013-03-11 17:05:22','2013-11-26 20:41:54'),(24,'2013-06-28 11:51:39','aliquet molestie tellus. Aenean egestas hendrerit neque. In ornare sagittis','Nam tempor diam dictum sapien. Aenean massa. Integer vitae nibh.','ligula. Aliquam erat volutpat. Nulla dignissim. Maecenas ornare egestas ligula.','Restaurant','CC9F1CFA-5225-1530-1398-F449476C59E6','8633',10,54,'Completed','Sales Call','2013-08-15 07:05:31','2014-06-02 23:20:30'),(25,'2014-11-15 04:43:19','lectus rutrum urna, nec luctus felis purus ac tellus. Suspendisse','Nullam velit dui, semper et, lacinia vitae, sodales at, velit.','quam. Curabitur vel lectus. Cum sociis natoque penatibus et magnis','Our Offices','D72CCE5E-0426-35A6-C492-3409F3174C23','8946',10,47,'Completed','Sales Call','2014-08-16 08:27:03','2014-12-20 00:02:57'),(26,'2014-09-07 23:44:55','eu, eleifend nec, malesuada ut, sem. Nulla interdum. Curabitur dictum.','sit amet massa. Quisque porttitor eros nec tellus. Nunc lectus','nec, imperdiet nec, leo. Morbi neque tellus, imperdiet non, vestibulum','Our Offices','C22AABD4-8965-E175-3B65-6159E85F030E','4874',8,9,'Completed','Follow Up','2013-04-27 09:36:08','2014-12-13 18:36:07'),(27,'2014-02-21 14:02:43','massa. Quisque porttitor eros nec tellus. Nunc lectus pede, ultrices','Nam nulla magna, malesuada vel, convallis in, cursus et, eros.','facilisis facilisis, magna tellus faucibus leo, in lobortis tellus justo','Restaurant','FE3A65FC-384B-1847-40A4-DF9AF5B195E4','3964',5,33,'Completed','On Boarding','2013-09-01 21:40:17','2014-01-29 04:45:21'),(28,'2013-05-20 04:30:35','pharetra ut, pharetra sed, hendrerit a, arcu. Sed et libero.','netus et malesuada fames ac turpis egestas. Aliquam fringilla cursus','orci, adipiscing non, luctus sit amet, faucibus ut, nulla. Cras','Their Office','5E83894E-F4B0-8A17-48E4-A0F18627AE03','3076',6,55,'Completed','On Boarding','2013-07-06 02:54:25','2013-04-02 23:59:39'),(29,'2013-07-20 14:45:02','eleifend. Cras sed leo. Cras vehicula aliquet libero. Integer in','semper, dui lectus rutrum urna, nec luctus felis purus ac','mi, ac mattis velit justo nec ante. Maecenas mi felis,','Their Office','4ADD39FF-0E84-0921-A641-50A4E505A3A5','3093',9,41,'Completed','Sales Call','2013-06-02 21:03:48','2014-07-03 04:02:23'),(30,'2013-04-12 20:34:43','in molestie tortor nibh sit amet orci. Ut sagittis lobortis','Suspendisse aliquet molestie tellus. Aenean egestas hendrerit neque. In ornare','lacus. Cras interdum. Nunc sollicitudin commodo ipsum. Suspendisse non leo.','Restaurant','6A810451-A7F4-1B81-3327-90CA5F67A721','3003',2,25,'Completed','Follow Up','2014-02-27 18:58:47','2013-04-08 09:00:50'),(31,'2014-06-12 08:42:40','vehicula risus. Nulla eget metus eu erat semper rutrum. Fusce','Pellentesque ut ipsum ac mi eleifend egestas. Sed pharetra, felis','ipsum. Suspendisse sagittis. Nullam vitae diam. Proin dolor. Nulla semper','Their Office','D9A4C49C-DCB6-4461-0294-4AA19F4D4C4C','3574',9,52,'Completed','On Boarding','2015-01-12 14:56:13','2013-10-13 17:33:01'),(32,'2013-06-25 20:34:17','magnis dis parturient montes, nascetur ridiculus mus. Proin vel nisl.','Fusce diam nunc, ullamcorper eu, euismod ac, fermentum vel, mauris.','dignissim pharetra. Nam ac nulla. In tincidunt congue turpis. In','Restaurant','C9362BB8-8F9D-3507-00CF-CDF4DB258805','2877',7,51,'Completed','On Boarding','2014-04-02 13:39:28','2014-12-21 22:43:08'),(33,'2014-04-25 05:42:44','et magnis dis parturient montes, nascetur ridiculus mus. Proin vel','eget metus. In nec orci. Donec nibh. Quisque nonummy ipsum','nec orci. Donec nibh. Quisque nonummy ipsum non arcu. Vivamus','Our Offices','0C650169-4086-28D3-034F-11DF099F7C6B','4561',7,32,'Completed','Sales Call','2013-03-09 06:45:20','2013-11-28 22:09:24'),(34,'2014-01-13 01:26:34','ante blandit viverra. Donec tempus, lorem fringilla ornare placerat, orci','Duis gravida. Praesent eu nulla at sem molestie sodales. Mauris','elit, pretium et, rutrum non, hendrerit id, ante. Nunc mauris','Our Offices','425C88E2-10ED-79AE-963E-B836FEC0B772','8899',10,20,'Completed','Follow Up','2014-02-11 10:10:45','2014-08-29 17:47:17'),(35,'2013-08-13 03:46:16','dignissim pharetra. Nam ac nulla. In tincidunt congue turpis. In','porttitor eros nec tellus. Nunc lectus pede, ultrices a, auctor','molestie tortor nibh sit amet orci. Ut sagittis lobortis mauris.','Their Office','58A71BCF-CC6F-2B3B-59FD-943E442596FA','7442',2,42,'Completed','On Boarding','2014-02-03 14:40:11','2014-05-21 17:27:58'),(36,'2013-09-09 01:15:53','et, magna. Praesent interdum ligula eu enim. Etiam imperdiet dictum','ullamcorper magna. Sed eu eros. Nam consequat dolor vitae dolor.','Cras convallis convallis dolor. Quisque tincidunt pede ac urna. Ut','Our Offices','1F939E0C-86C2-B85E-E621-18C3163471F9','7045',2,22,'Completed','Sales Call','2014-12-20 10:57:16','2013-09-03 19:39:51'),(37,'2014-02-13 10:37:28','dictum. Proin eget odio. Aliquam vulputate ullamcorper magna. Sed eu','lacus. Etiam bibendum fermentum metus. Aenean sed pede nec ante','mauris sapien, cursus in, hendrerit consectetuer, cursus et, magna. Praesent','Their Office','9CC1CF53-F5BC-B357-9E07-F24BE21BBF67','2052',3,52,'Completed','Follow Up','2014-02-14 06:21:27','2013-09-04 17:12:34'),(38,'2013-12-04 11:13:39','Nunc commodo auctor velit. Aliquam nisl. Nulla eu neque pellentesque','Curabitur dictum. Phasellus in felis. Nulla tempor augue ac ipsum.','euismod enim. Etiam gravida molestie arcu. Sed eu nibh vulputate','Our Offices','0335CA2C-053E-7DCD-9ECF-BBEBE0895C9C','8532',6,45,'Completed','Sales Call','2014-04-30 03:32:30','2013-06-27 15:14:13'),(39,'2013-08-18 07:05:42','pharetra nibh. Aliquam ornare, libero at auctor ullamcorper, nisl arcu','tempus non, lacinia at, iaculis quis, pede. Praesent eu dui.','rhoncus. Nullam velit dui, semper et, lacinia vitae, sodales at,','Their Office','2103D18A-5AD0-3A79-6EC6-FC9053DC16F2','5515',2,2,'Completed','On Boarding','2014-02-26 00:48:59','2013-05-29 15:09:20'),(40,'2014-06-11 11:26:19','molestie sodales. Mauris blandit enim consequat purus. Maecenas libero est,','diam luctus lobortis. Class aptent taciti sociosqu ad litora torquent','faucibus orci luctus et ultrices posuere cubilia Curae; Phasellus ornare.','Our Offices','856DD392-391C-5B80-E706-522A44351A6D','3128',4,30,'Completed','Sales Call','2013-07-24 11:06:45','2013-07-09 13:17:02'),(41,'2013-12-01 13:13:45','lacinia mattis. Integer eu lacus. Quisque imperdiet, erat nonummy ultricies','odio, auctor vitae, aliquet nec, imperdiet nec, leo. Morbi neque','eget massa. Suspendisse eleifend. Cras sed leo. Cras vehicula aliquet','Our Offices','EB9F94D2-9D9B-59D7-8C48-F4BDB874E0D2','7322',6,37,'Completed','On Boarding','2014-04-20 08:05:47','2013-10-30 08:37:01'),(42,'2014-02-12 17:02:18','In scelerisque scelerisque dui. Suspendisse ac metus vitae velit egestas','Sed eu nibh vulputate mauris sagittis placerat. Cras dictum ultricies','Nunc sed orci lobortis augue scelerisque mollis. Phasellus libero mauris,','Their Office','61DFFD9B-0418-2499-632A-8C8481E408CD','3963',3,10,'Completed','Sales Call','2014-02-14 13:11:43','2014-01-07 08:01:41'),(43,'2013-05-15 13:34:26','non nisi. Aenean eget metus. In nec orci. Donec nibh.','eget varius ultrices, mauris ipsum porta elit, a feugiat tellus','Cras dolor dolor, tempus non, lacinia at, iaculis quis, pede.','Restaurant','AE9C8599-088B-4E10-4044-28687D3CBFB3','8761',8,42,'Completed','Follow Up','2013-08-04 10:18:47','2013-04-05 02:42:15'),(44,'2014-06-04 03:32:12','mus. Proin vel nisl. Quisque fringilla euismod enim. Etiam gravida','augue scelerisque mollis. Phasellus libero mauris, aliquam eu, accumsan sed,','dapibus id, blandit at, nisi. Cum sociis natoque penatibus et','Our Offices','9834870C-0A5C-213A-08D3-8D89A97379D1','6182',8,50,'Completed','On Boarding','2014-09-04 23:50:05','2014-08-28 23:37:07'),(45,'2013-06-04 02:09:33','non quam. Pellentesque habitant morbi tristique senectus et netus et','tortor, dictum eu, placerat eget, venenatis a, magna. Lorem ipsum','dolor sit amet, consectetuer adipiscing elit. Aliquam auctor, velit eget','Their Office','6F273976-3479-AF00-7F00-67D7D4259C93','3366',8,13,'Completed','Follow Up','2013-09-25 07:57:47','2014-12-01 09:25:16'),(46,'2013-07-31 20:44:06','non magna. Nam ligula elit, pretium et, rutrum non, hendrerit','eu, ultrices sit amet, risus. Donec nibh enim, gravida sit','ac turpis egestas. Aliquam fringilla cursus purus. Nullam scelerisque neque','Our Offices','CC72058C-F6FF-75BC-D9E1-6C460659D074','9836',2,41,'Completed','Sales Call','2014-04-25 10:42:11','2014-02-24 22:24:58'),(47,'2014-06-14 01:59:48','euismod enim. Etiam gravida molestie arcu. Sed eu nibh vulputate','quam quis diam. Pellentesque habitant morbi tristique senectus et netus','mauris. Morbi non sapien molestie orci tincidunt adipiscing. Mauris molestie','Their Office','86186D38-F733-8643-6A15-200991F4214D','9802',4,26,'Completed','Sales Call','2013-09-13 04:35:15','2014-02-20 03:58:30'),(48,'2014-08-09 17:44:54','sed dictum eleifend, nunc risus varius orci, in consequat enim','amet massa. Quisque porttitor eros nec tellus. Nunc lectus pede,','et magnis dis parturient montes, nascetur ridiculus mus. Proin vel','Restaurant','A49A2F7F-22AF-F565-6B4E-6AB8AD2FD4F1','1329',1,14,'Completed','Sales Call','2015-01-06 18:03:07','2014-06-19 04:27:06'),(49,'2014-07-21 10:17:06','facilisis vitae, orci. Phasellus dapibus quam quis diam. Pellentesque habitant','sociis natoque penatibus et magnis dis parturient montes, nascetur ridiculus','lacus pede sagittis augue, eu tempor erat neque non quam.','Restaurant','6594845B-B12E-F3FE-598A-522128682305','8830',8,23,'Completed','Follow Up','2013-03-31 10:22:49','2013-07-20 15:01:14'),(50,'2014-05-03 07:39:58','turpis egestas. Aliquam fringilla cursus purus. Nullam scelerisque neque sed','ipsum dolor sit amet, consectetuer adipiscing elit. Etiam laoreet, libero','Donec egestas. Aliquam nec enim. Nunc ut erat. Sed nunc','Their Office','D1979F89-3994-737E-53B7-2EA8AC8E95A2','7991',2,6,'Completed','On Boarding','2013-08-24 15:30:14','2014-06-17 00:23:26'),(51,'2014-10-06 17:38:34','consequat purus. Maecenas libero est, congue a, aliquet vel, vulputate','odio, auctor vitae, aliquet nec, imperdiet nec, leo. Morbi neque','neque. Nullam ut nisi a odio semper cursus. Integer mollis.','Restaurant','9E61C7DE-7A71-8597-C8BC-71E43A05DBF4','4740',6,28,'Completed','Follow Up','2014-05-20 08:58:52','2013-04-12 08:06:05'),(52,'2013-05-05 08:00:26','dis parturient montes, nascetur ridiculus mus. Proin vel arcu eu','eleifend nec, malesuada ut, sem. Nulla interdum. Curabitur dictum. Phasellus','risus. In mi pede, nonummy ut, molestie in, tempus eu,','Their Office','6330EE7A-0651-8CD5-08A2-8082A7D9EC5D','4111',2,45,'Completed','On Boarding','2014-08-01 12:45:27','2013-10-11 20:50:04'),(53,'2013-09-01 00:50:08','Sed eget lacus. Mauris non dui nec urna suscipit nonummy.','at lacus. Quisque purus sapien, gravida non, sollicitudin a, malesuada','placerat eget, venenatis a, magna. Lorem ipsum dolor sit amet,','Restaurant','CDC92080-EF9E-9B86-030E-E1D3D3748FAA','3270',9,56,'Completed','Follow Up','2014-12-02 21:25:05','2013-03-09 03:34:16'),(54,'2014-08-24 09:43:37','risus varius orci, in consequat enim diam vel arcu. Curabitur','auctor non, feugiat nec, diam. Duis mi enim, condimentum eget,','eget massa. Suspendisse eleifend. Cras sed leo. Cras vehicula aliquet','Their Office','B2E4D17E-C39C-B524-090E-B36FC572EFB8','3848',8,17,'Completed','Sales Call','2013-10-15 13:26:43','2014-02-08 09:07:37'),(55,'2014-03-22 09:03:42','in, cursus et, eros. Proin ultrices. Duis volutpat nunc sit','lacus vestibulum lorem, sit amet ultricies sem magna nec quam.','Lorem ipsum dolor sit amet, consectetuer adipiscing elit. Aliquam auctor,','Our Offices','6D17DD60-02CF-92B3-9019-DB8DD0CE9931','7110',3,49,'Completed','Sales Call','2013-12-01 20:14:22','2014-05-07 22:20:05'),(56,'2014-06-07 19:03:43','et magnis dis parturient montes, nascetur ridiculus mus. Proin vel','vitae dolor. Donec fringilla. Donec feugiat metus sit amet ante.','non massa non ante bibendum ullamcorper. Duis cursus, diam at','Their Office','C843FA9D-CBD9-3FC0-09C8-40610FB2F582','7373',8,28,'Completed','Follow Up','2013-04-26 19:50:53','2013-10-16 09:37:58'),(57,'2013-11-16 08:05:16','lectus convallis est, vitae sodales nisi magna sed dui. Fusce','mauris ut mi. Duis risus odio, auctor vitae, aliquet nec,','In scelerisque scelerisque dui. Suspendisse ac metus vitae velit egestas','Restaurant','8FFF6A7F-72B7-0331-F68F-F51498FD523F','4863',4,52,'Completed','Sales Call','2014-06-14 07:06:03','2014-11-01 12:49:23'),(58,'2013-08-04 19:03:55','magna. Lorem ipsum dolor sit amet, consectetuer adipiscing elit. Etiam','massa. Mauris vestibulum, neque sed dictum eleifend, nunc risus varius','lacus pede sagittis augue, eu tempor erat neque non quam.','Their Office','42603CEA-9018-42ED-3948-A0F4611BED4E','8783',5,12,'Completed','On Boarding','2014-05-08 06:40:04','2015-02-11 04:05:53'),(59,'2013-08-03 00:22:51','nec ante blandit viverra. Donec tempus, lorem fringilla ornare placerat,','magna, malesuada vel, convallis in, cursus et, eros. Proin ultrices.','amet, faucibus ut, nulla. Cras eu tellus eu augue porttitor','Our Offices','DF108C0A-80A7-CFE1-2BF6-4565A3F47434','2244',7,40,'Completed','On Boarding','2013-11-12 20:31:38','2014-02-24 16:41:12'),(60,'2013-09-26 14:50:13','Vivamus nibh dolor, nonummy ac, feugiat non, lobortis quis, pede.','Donec nibh. Quisque nonummy ipsum non arcu. Vivamus sit amet','cursus in, hendrerit consectetuer, cursus et, magna. Praesent interdum ligula','Our Offices','3FD42EA8-74D9-70F4-37F3-764526FCA747','7307',2,27,'Completed','Follow Up','2014-08-07 10:17:22','2013-09-14 08:43:04'),(61,'2015-02-20 00:56:36','cursus. Nunc mauris elit, dictum eu, eleifend nec, malesuada ut,','accumsan sed, facilisis vitae, orci. Phasellus dapibus quam quis diam.','risus, at fringilla purus mauris a nunc. In at pede.','Their Office','CCDFB8E0-A406-F388-F3D6-A5BE5B12B88D','6015',9,10,'Completed','On Boarding','2014-01-22 01:09:09','2014-10-03 11:53:58'),(62,'2014-06-29 21:35:31','non leo. Vivamus nibh dolor, nonummy ac, feugiat non, lobortis','dolor vitae dolor. Donec fringilla. Donec feugiat metus sit amet','Ut sagittis lobortis mauris. Suspendisse aliquet molestie tellus. Aenean egestas','Our Offices','D4090D19-E9BD-19D6-9D8C-89AEAAB5BDC5','4704',9,57,'Completed','Sales Call','2013-06-09 22:53:24','2014-02-03 22:53:34'),(63,'2014-07-18 21:36:06','nibh. Donec est mauris, rhoncus id, mollis nec, cursus a,','Donec feugiat metus sit amet ante. Vivamus non lorem vitae','Fusce dolor quam, elementum at, egestas a, scelerisque sed, sapien.','Restaurant','93712D45-E221-75FE-9724-D4847BADB246','9596',3,45,'Completed','On Boarding','2014-01-29 17:27:29','2013-08-27 04:43:42'),(64,'2014-10-21 15:34:20','Suspendisse tristique neque venenatis lacus. Etiam bibendum fermentum metus. Aenean','velit. Cras lorem lorem, luctus ut, pellentesque eget, dictum placerat,','Suspendisse aliquet, sem ut cursus luctus, ipsum leo elementum sem,','Our Offices','49B2D36E-D142-EE94-CC57-7AFE99B27B4F','2806',3,30,'Completed','On Boarding','2013-12-21 02:16:53','2014-12-07 04:52:02'),(65,'2013-04-18 09:12:17','lorem eu metus. In lorem. Donec elementum, lorem ut aliquam','eros turpis non enim. Mauris quis turpis vitae purus gravida','lacus. Quisque imperdiet, erat nonummy ultricies ornare, elit elit fermentum','Our Offices','7C7E8CEA-4953-2161-8CEB-F9731188F45D','3960',5,5,'Completed','Follow Up','2013-09-09 17:10:23','2014-03-04 14:44:51'),(66,'2014-08-03 02:59:33','odio, auctor vitae, aliquet nec, imperdiet nec, leo. Morbi neque','pellentesque massa lobortis ultrices. Vivamus rhoncus. Donec est. Nunc ullamcorper,','sed pede nec ante blandit viverra. Donec tempus, lorem fringilla','Restaurant','821487E9-0A0C-9615-BD02-E4248280F835','8328',2,29,'Completed','Follow Up','2015-02-16 05:52:21','2014-12-05 15:55:07'),(67,'2013-07-15 11:20:47','orci sem eget massa. Suspendisse eleifend. Cras sed leo. Cras','blandit. Nam nulla magna, malesuada vel, convallis in, cursus et,','quis, pede. Suspendisse dui. Fusce diam nunc, ullamcorper eu, euismod','Our Offices','DF8BB1E1-6EDD-4181-F3AD-1DBE3409E88A','4633',7,35,'Completed','Sales Call','2014-05-24 03:14:48','2014-08-24 06:44:38'),(68,'2014-11-11 11:01:06','auctor ullamcorper, nisl arcu iaculis enim, sit amet ornare lectus','vel, convallis in, cursus et, eros. Proin ultrices. Duis volutpat','vel, convallis in, cursus et, eros. Proin ultrices. Duis volutpat','Our Offices','D9937BAA-6422-E63B-70CD-19E546896CF9','8260',1,42,'Completed','Sales Call','2014-05-01 21:15:19','2013-12-21 12:13:10'),(69,'2013-06-12 19:36:39','in, tempus eu, ligula. Aenean euismod mauris eu elit. Nulla','sociis natoque penatibus et magnis dis parturient montes, nascetur ridiculus','Aenean egestas hendrerit neque. In ornare sagittis felis. Donec tempor,','Their Office','0CABDCC2-7365-442E-783C-7190ECE6A597','2785',5,47,'Completed','On Boarding','2014-01-29 07:43:28','2013-08-24 21:06:19'),(70,'2014-11-21 21:06:06','lorem, vehicula et, rutrum eu, ultrices sit amet, risus. Donec','euismod urna. Nullam lobortis quam a felis ullamcorper viverra. Maecenas','convallis est, vitae sodales nisi magna sed dui. Fusce aliquam,','Restaurant','4A078B4E-C993-E63B-9483-E5E84589DDE5','4066',10,5,'Completed','On Boarding','2014-10-13 15:03:59','2014-07-07 11:43:51'),(71,'2013-11-28 04:28:13','vitae risus. Duis a mi fringilla mi lacinia mattis. Integer','scelerisque scelerisque dui. Suspendisse ac metus vitae velit egestas lacinia.','egestas. Fusce aliquet magna a neque. Nullam ut nisi a','Restaurant','12C4D75B-65F7-3209-9067-534BD43B2C49','9283',7,58,'Completed','Follow Up','2013-08-16 21:09:15','2013-05-17 10:43:46'),(72,'2014-07-24 03:25:12','sem magna nec quam. Curabitur vel lectus. Cum sociis natoque','et ultrices posuere cubilia Curae; Donec tincidunt. Donec vitae erat','malesuada. Integer id magna et ipsum cursus vestibulum. Mauris magna.','Restaurant','DDAD7223-0123-09B6-4EDC-CB1DF22EBB8E','1424',7,7,'Completed','On Boarding','2013-04-29 00:05:03','2014-07-21 08:59:06'),(73,'2013-08-05 18:56:28','sapien. Aenean massa. Integer vitae nibh. Donec est mauris, rhoncus','lacus. Quisque purus sapien, gravida non, sollicitudin a, malesuada id,','Phasellus fermentum convallis ligula. Donec luctus aliquet odio. Etiam ligula','Restaurant','0DA0199C-6655-7EDC-2BD9-869D68098049','5053',5,30,'Completed','On Boarding','2013-07-06 03:57:08','2013-12-01 22:01:10'),(74,'2013-10-28 14:56:01','tempor bibendum. Donec felis orci, adipiscing non, luctus sit amet,','eu enim. Etiam imperdiet dictum magna. Ut tincidunt orci quis','massa lobortis ultrices. Vivamus rhoncus. Donec est. Nunc ullamcorper, velit','Their Office','0A4CA33F-2A91-B263-8BC9-2B2DC9263C10','4490',2,22,'Completed','Follow Up','2013-10-15 15:22:00','2014-11-03 00:37:33'),(75,'2013-11-12 14:15:26','lorem vitae odio sagittis semper. Nam tempor diam dictum sapien.','neque. Morbi quis urna. Nunc quis arcu vel quam dignissim','et netus et malesuada fames ac turpis egestas. Fusce aliquet','Their Office','E2028A19-164C-39D0-F84B-1D8B7BD61C11','9373',9,7,'Completed','Sales Call','2013-08-28 23:06:20','2014-02-06 01:59:14'),(76,'2014-09-17 03:40:45','in magna. Phasellus dolor elit, pellentesque a, facilisis non, bibendum','nibh enim, gravida sit amet, dapibus id, blandit at, nisi.','Sed pharetra, felis eget varius ultrices, mauris ipsum porta elit,','Their Office','B9683611-95B3-6736-8E41-14D26A169E73','4824',8,48,'Completed','On Boarding','2014-06-03 06:18:10','2013-07-06 16:42:05'),(77,'2013-06-21 11:42:13','luctus vulputate, nisi sem semper erat, in consectetuer ipsum nunc','In at pede. Cras vulputate velit eu sem. Pellentesque ut','lorem, luctus ut, pellentesque eget, dictum placerat, augue. Sed molestie.','Our Offices','04A3516A-96CF-F9AE-1678-9A035710EA9E','6815',4,52,'Completed','Follow Up','2015-03-01 02:33:39','2015-02-05 04:38:02'),(78,'2014-01-16 03:41:13','tincidunt tempus risus. Donec egestas. Duis ac arcu. Nunc mauris.','Donec dignissim magna a tortor. Nunc commodo auctor velit. Aliquam','non, sollicitudin a, malesuada id, erat. Etiam vestibulum massa rutrum','Restaurant','D966176B-75CA-2253-43EC-ED30387B44ED','6489',6,41,'Completed','Sales Call','2014-02-23 12:44:34','2014-03-07 11:46:13'),(79,'2015-02-23 11:47:15','elementum, lorem ut aliquam iaculis, lacus pede sagittis augue, eu','eu, ultrices sit amet, risus. Donec nibh enim, gravida sit','pede. Cras vulputate velit eu sem. Pellentesque ut ipsum ac','Their Office','902F59E8-58F2-879E-53C2-B7B6291F140E','9205',10,12,'Completed','Sales Call','2014-07-04 02:27:04','2013-05-08 21:56:43'),(80,'2013-06-08 13:18:59','non, hendrerit id, ante. Nunc mauris sapien, cursus in, hendrerit','Duis at lacus. Quisque purus sapien, gravida non, sollicitudin a,','lacus, varius et, euismod et, commodo at, libero. Morbi accumsan','Restaurant','D268CC33-2570-9B96-1611-A13A0D6FCF23','1701',3,44,'Completed','Follow Up','2013-03-20 12:35:26','2013-10-31 07:13:26'),(81,'2013-05-26 16:43:56','Nunc mauris. Morbi non sapien molestie orci tincidunt adipiscing. Mauris','malesuada augue ut lacus. Nulla tincidunt, neque vitae semper egestas,','interdum. Sed auctor odio a purus. Duis elementum, dui quis','Their Office','ACC2AD9E-471A-1AA3-37CE-6D0E7C16D284','8770',8,1,'Completed','Sales Call','2013-03-23 17:49:36','2015-01-19 03:56:57'),(82,'2015-02-15 19:17:08','eu sem. Pellentesque ut ipsum ac mi eleifend egestas. Sed','Proin mi. Aliquam gravida mauris ut mi. Duis risus odio,','tristique senectus et netus et malesuada fames ac turpis egestas.','Our Offices','771AACA2-002D-9724-4323-3E641E5C753A','6807',6,38,'Completed','Sales Call','2014-01-25 01:37:15','2013-06-17 00:18:13'),(83,'2013-05-27 06:14:42','ligula tortor, dictum eu, placerat eget, venenatis a, magna. Lorem','lacus. Cras interdum. Nunc sollicitudin commodo ipsum. Suspendisse non leo.','pretium et, rutrum non, hendrerit id, ante. Nunc mauris sapien,','Their Office','C00DCAAB-FC1C-1A50-0331-F0F500474409','2546',6,30,'Completed','Sales Call','2014-04-03 19:57:15','2014-09-21 14:54:17'),(84,'2014-07-18 18:25:59','magna sed dui. Fusce aliquam, enim nec tempus scelerisque, lorem','venenatis lacus. Etiam bibendum fermentum metus. Aenean sed pede nec','mollis vitae, posuere at, velit. Cras lorem lorem, luctus ut,','Our Offices','F9B7F012-D1E1-6C03-E10B-C925BA0648C9','4086',9,23,'Completed','Sales Call','2014-07-26 13:17:50','2014-12-13 23:14:58'),(85,'2014-07-05 21:21:55','et magnis dis parturient montes, nascetur ridiculus mus. Proin vel','in molestie tortor nibh sit amet orci. Ut sagittis lobortis','Cum sociis natoque penatibus et magnis dis parturient montes, nascetur','Our Offices','B8F2C3EB-3B66-A6DA-6B02-099AAC377ED1','7379',4,53,'Completed','Follow Up','2014-11-25 18:49:28','2014-12-06 11:37:18'),(86,'2015-01-09 20:57:07','at arcu. Vestibulum ante ipsum primis in faucibus orci luctus','ut nisi a odio semper cursus. Integer mollis. Integer tincidunt','Vestibulum ante ipsum primis in faucibus orci luctus et ultrices','Their Office','EDD7E6A9-0F1C-71B5-97EF-8AB5740CF51F','5320',7,2,'Completed','Follow Up','2013-08-11 06:16:23','2014-07-01 01:50:08'),(87,'2013-06-15 02:18:22','Suspendisse eleifend. Cras sed leo. Cras vehicula aliquet libero. Integer','lectus, a sollicitudin orci sem eget massa. Suspendisse eleifend. Cras','molestie in, tempus eu, ligula. Aenean euismod mauris eu elit.','Our Offices','451B9909-4EBD-66C7-CEC8-91D36A5BE6CE','2018',2,23,'Completed','On Boarding','2013-05-24 22:26:50','2014-05-17 13:03:24'),(88,'2014-01-25 03:00:36','fringilla. Donec feugiat metus sit amet ante. Vivamus non lorem','a, arcu. Sed et libero. Proin mi. Aliquam gravida mauris','aliquam iaculis, lacus pede sagittis augue, eu tempor erat neque','Restaurant','6FD4A0AE-7263-66BF-D1C0-48F5F136AFA9','9761',9,14,'Completed','On Boarding','2014-11-20 22:52:43','2014-05-01 23:15:02'),(89,'2014-01-19 11:38:41','velit. Cras lorem lorem, luctus ut, pellentesque eget, dictum placerat,','aliquet nec, imperdiet nec, leo. Morbi neque tellus, imperdiet non,','Cras eu tellus eu augue porttitor interdum. Sed auctor odio','Our Offices','F45CC2BA-EE34-FEA1-65AF-7A6667EC8E60','3466',1,26,'Completed','On Boarding','2014-06-14 06:00:23','2013-03-30 14:41:14'),(90,'2015-02-05 12:25:55','Suspendisse tristique neque venenatis lacus. Etiam bibendum fermentum metus. Aenean','Vestibulum ut eros non enim commodo hendrerit. Donec porttitor tellus','aliquet libero. Integer in magna. Phasellus dolor elit, pellentesque a,','Restaurant','F0B4A663-1BD0-5B69-742E-5ED64C16A505','5860',2,40,'Completed','Sales Call','2015-02-22 15:10:14','2013-07-21 15:35:52'),(91,'2014-07-21 09:52:16','sit amet ultricies sem magna nec quam. Curabitur vel lectus.','dui, nec tempus mauris erat eget ipsum. Suspendisse sagittis. Nullam','consequat dolor vitae dolor. Donec fringilla. Donec feugiat metus sit','Restaurant','AD663B16-D783-85DF-1A51-6B7449E97F3A','8319',6,50,'Completed','On Boarding','2013-12-23 11:06:30','2013-05-14 07:15:52'),(92,'2014-06-18 03:36:08','placerat eget, venenatis a, magna. Lorem ipsum dolor sit amet,','Nulla dignissim. Maecenas ornare egestas ligula. Nullam feugiat placerat velit.','ultrices a, auctor non, feugiat nec, diam. Duis mi enim,','Restaurant','B81132EB-5D76-7172-8C23-082455D8C69D','4261',7,30,'Completed','Follow Up','2014-06-06 18:57:18','2013-12-01 21:56:38'),(93,'2014-11-13 13:29:06','Vivamus rhoncus. Donec est. Nunc ullamcorper, velit in aliquet lobortis,','tortor, dictum eu, placerat eget, venenatis a, magna. Lorem ipsum','a mi fringilla mi lacinia mattis. Integer eu lacus. Quisque','Our Offices','76370053-488C-2D2C-54D5-A93B842A8FDB','9494',10,5,'Completed','On Boarding','2014-06-13 11:43:38','2014-04-04 06:18:06'),(94,'2014-04-29 17:38:44','vel quam dignissim pharetra. Nam ac nulla. In tincidunt congue','lobortis ultrices. Vivamus rhoncus. Donec est. Nunc ullamcorper, velit in','sed pede. Cum sociis natoque penatibus et magnis dis parturient','Restaurant','F4D74F72-D13D-DDBF-098D-C6AF8C1830EE','3285',9,8,'Completed','On Boarding','2013-11-26 11:39:31','2014-06-22 17:01:45'),(95,'2014-09-30 02:09:00','metus facilisis lorem tristique aliquet. Phasellus fermentum convallis ligula. Donec','eget laoreet posuere, enim nisl elementum purus, accumsan interdum libero','per inceptos hymenaeos. Mauris ut quam vel sapien imperdiet ornare.','Restaurant','BDDFE5CD-AB39-10B7-E5F5-32E7EA011168','3029',1,5,'Completed','Follow Up','2014-12-21 23:54:22','2013-08-30 00:24:30'),(96,'2013-10-28 05:48:43','urna justo faucibus lectus, a sollicitudin orci sem eget massa.','Morbi quis urna. Nunc quis arcu vel quam dignissim pharetra.','amet, consectetuer adipiscing elit. Etiam laoreet, libero et tristique pellentesque,','Their Office','FE0FCFE7-67A0-4F81-AA0C-FD99A78F16FC','5058',5,1,'Completed','Follow Up','2013-08-11 01:41:57','2014-11-21 18:02:47'),(97,'2014-04-19 23:00:22','consequat dolor vitae dolor. Donec fringilla. Donec feugiat metus sit','feugiat tellus lorem eu metus. In lorem. Donec elementum, lorem','In lorem. Donec elementum, lorem ut aliquam iaculis, lacus pede','Their Office','E5D2F358-ADFC-088D-E970-EDB7A753760A','9952',6,54,'Completed','Sales Call','2013-10-18 09:26:55','2014-03-29 08:15:53'),(98,'2014-08-31 09:54:31','purus gravida sagittis. Duis gravida. Praesent eu nulla at sem','non arcu. Vivamus sit amet risus. Donec egestas. Aliquam nec','eleifend. Cras sed leo. Cras vehicula aliquet libero. Integer in','Restaurant','89A2CD6E-1232-59B7-C18B-ABB91DB4E1C6','1916',7,58,'Completed','On Boarding','2013-05-26 16:57:11','2014-02-11 18:00:26'),(99,'2014-08-09 12:49:40','ipsum nunc id enim. Curabitur massa. Vestibulum accumsan neque et','cursus et, magna. Praesent interdum ligula eu enim. Etiam imperdiet','eu erat semper rutrum. Fusce dolor quam, elementum at, egestas','Restaurant','01D16609-8A65-09B5-594A-8BD12FE55150','6528',3,58,'Completed','Follow Up','2014-05-03 22:43:23','2014-10-30 19:06:20'),(100,'2014-01-31 19:14:05','ante. Nunc mauris sapien, cursus in, hendrerit consectetuer, cursus et,','sem eget massa. Suspendisse eleifend. Cras sed leo. Cras vehicula','mi fringilla mi lacinia mattis. Integer eu lacus. Quisque imperdiet,','Our Offices','028FB2B6-101A-A79C-99EF-1698000C7BD1','3361',7,33,'Completed','Sales Call','2013-06-02 07:25:39','2013-05-13 18:17:34');
/*!40000 ALTER TABLE `meeting` ENABLE KEYS */;
UNLOCK TABLES;

--
-- Table structure for table `notes`
--

DROP TABLE IF EXISTS `notes`;
/*!40101 SET @saved_cs_client     = @@character_set_client */;
/*!40101 SET character_set_client = utf8 */;
CREATE TABLE `notes` (
  `id` int(10) NOT NULL AUTO_INCREMENT,
  `title` varchar(100) NOT NULL,
  `details` text NOT NULL,
  `dateCreated` datetime NOT NULL,
  PRIMARY KEY (`id`)
) ENGINE=InnoDB AUTO_INCREMENT=101 DEFAULT CHARSET=latin1;
/*!40101 SET character_set_client = @saved_cs_client */;

--
-- Dumping data for table `notes`
--

LOCK TABLES `notes` WRITE;
/*!40000 ALTER TABLE `notes` DISABLE KEYS */;
INSERT INTO `notes` VALUES (1,'sollicitudin commodo ipsum. Suspendisse non','lacus. Aliquam rutrum lorem ac risus. Morbi metus. Vivamus euismod','2014-12-29 21:45:49'),(2,'Fusce mollis. Duis sit amet','eu nulla at sem molestie sodales. Mauris blandit enim consequat','2015-02-12 08:17:15'),(3,'neque non quam. Pellentesque habitant','sit amet massa. Quisque porttitor eros nec tellus. Nunc lectus','2014-12-13 09:01:09'),(4,'Fusce aliquam, enim nec tempus','fermentum fermentum arcu. Vestibulum ante ipsum primis in faucibus orci','2014-05-23 03:55:57'),(5,'elit, pellentesque a, facilisis non,','turpis. Aliquam adipiscing lobortis risus. In mi pede, nonummy ut,','2014-08-06 06:00:33'),(6,'at fringilla purus mauris a','Praesent eu dui. Cum sociis natoque penatibus et magnis dis','2015-01-31 15:03:00'),(7,'eget metus eu erat semper','amet, risus. Donec nibh enim, gravida sit amet, dapibus id,','2015-01-14 16:12:53'),(8,'turpis non enim. Mauris quis','libero mauris, aliquam eu, accumsan sed, facilisis vitae, orci. Phasellus','2014-09-26 02:50:03'),(9,'elit fermentum risus, at fringilla','imperdiet dictum magna. Ut tincidunt orci quis lectus. Nullam suscipit,','2014-11-30 05:28:55'),(10,'dis parturient montes, nascetur ridiculus','mauris erat eget ipsum. Suspendisse sagittis. Nullam vitae diam. Proin','2015-02-05 13:54:33'),(11,'libero. Morbi accumsan laoreet ipsum.','magna. Praesent interdum ligula eu enim. Etiam imperdiet dictum magna.','2014-11-21 10:12:25'),(12,'scelerisque sed, sapien. Nunc pulvinar','lorem, sit amet ultricies sem magna nec quam. Curabitur vel','2014-03-30 12:14:17'),(13,'Phasellus ornare. Fusce mollis. Duis','luctus vulputate, nisi sem semper erat, in consectetuer ipsum nunc','2014-05-05 22:35:33'),(14,'cursus, diam at pretium aliquet,','Maecenas iaculis aliquet diam. Sed diam lorem, auctor quis, tristique','2014-05-15 08:46:40'),(15,'adipiscing, enim mi tempor lorem,','dictum magna. Ut tincidunt orci quis lectus. Nullam suscipit, est','2014-05-19 03:14:32'),(16,'non arcu. Vivamus sit amet','enim, condimentum eget, volutpat ornare, facilisis eget, ipsum. Donec sollicitudin','2014-10-23 14:42:29'),(17,'penatibus et magnis dis parturient','urna. Ut tincidunt vehicula risus. Nulla eget metus eu erat','2015-02-28 18:33:13'),(18,'metus urna convallis erat, eget','vitae purus gravida sagittis. Duis gravida. Praesent eu nulla at','2014-09-02 18:47:34'),(19,'feugiat tellus lorem eu metus.','at, libero. Morbi accumsan laoreet ipsum. Curabitur consequat, lectus sit','2014-04-25 12:28:00'),(20,'neque pellentesque massa lobortis ultrices.','eget, venenatis a, magna. Lorem ipsum dolor sit amet, consectetuer','2014-04-25 05:35:04'),(21,'Curabitur ut odio vel est','Duis dignissim tempor arcu. Vestibulum ut eros non enim commodo','2014-11-08 13:08:00'),(22,'metus. Vivamus euismod urna. Nullam','vitae velit egestas lacinia. Sed congue, elit sed consequat auctor,','2015-02-01 19:33:25'),(23,'blandit enim consequat purus. Maecenas','et pede. Nunc sed orci lobortis augue scelerisque mollis. Phasellus','2014-06-27 23:06:38'),(24,'varius et, euismod et, commodo','enim. Nunc ut erat. Sed nunc est, mollis non, cursus','2014-04-17 17:57:05'),(25,'massa. Vestibulum accumsan neque et','ut, pharetra sed, hendrerit a, arcu. Sed et libero. Proin','2014-03-30 20:24:05'),(26,'risus. Quisque libero lacus, varius','metus. In lorem. Donec elementum, lorem ut aliquam iaculis, lacus','2014-10-03 02:20:36'),(27,'Aliquam ultrices iaculis odio. Nam','metus eu erat semper rutrum. Fusce dolor quam, elementum at,','2014-06-22 19:19:19'),(28,'nonummy ipsum non arcu. Vivamus','Pellentesque habitant morbi tristique senectus et netus et malesuada fames','2014-05-10 03:32:33'),(29,'elit fermentum risus, at fringilla','enim. Mauris quis turpis vitae purus gravida sagittis. Duis gravida.','2014-05-23 14:56:03'),(30,'egestas hendrerit neque. In ornare','montes, nascetur ridiculus mus. Aenean eget magna. Suspendisse tristique neque','2014-07-04 04:14:59'),(31,'malesuada vel, convallis in, cursus','Nullam vitae diam. Proin dolor. Nulla semper tellus id nunc','2014-08-16 19:19:56'),(32,'arcu. Morbi sit amet massa.','velit eget laoreet posuere, enim nisl elementum purus, accumsan interdum','2014-09-17 14:15:54'),(33,'neque et nunc. Quisque ornare','euismod mauris eu elit. Nulla facilisi. Sed neque. Sed eget','2015-02-28 19:32:46'),(34,'amet nulla. Donec non justo.','egestas a, dui. Cras pellentesque. Sed dictum. Proin eget odio.','2014-06-21 02:09:00'),(35,'Aenean eget metus. In nec','Mauris molestie pharetra nibh. Aliquam ornare, libero at auctor ullamcorper,','2014-09-06 09:21:25'),(36,'ac mattis ornare, lectus ante','orci, adipiscing non, luctus sit amet, faucibus ut, nulla. Cras','2014-03-25 16:51:49'),(37,'in sodales elit erat vitae','Phasellus elit pede, malesuada vel, venenatis vel, faucibus id, libero.','2015-02-04 21:49:58'),(38,'molestie orci tincidunt adipiscing. Mauris','euismod ac, fermentum vel, mauris. Integer sem elit, pharetra ut,','2014-08-24 07:49:12'),(39,'sed tortor. Integer aliquam adipiscing','Morbi quis urna. Nunc quis arcu vel quam dignissim pharetra.','2014-08-19 16:13:32'),(40,'nec quam. Curabitur vel lectus.','Maecenas libero est, congue a, aliquet vel, vulputate eu, odio.','2014-07-01 09:02:20'),(41,'Quisque tincidunt pede ac urna.','urna et arcu imperdiet ullamcorper. Duis at lacus. Quisque purus','2014-10-11 16:49:51'),(42,'vehicula. Pellentesque tincidunt tempus risus.','Nam interdum enim non nisi. Aenean eget metus. In nec','2014-04-08 01:50:01'),(43,'Nulla facilisi. Sed neque. Sed','commodo at, libero. Morbi accumsan laoreet ipsum. Curabitur consequat, lectus','2014-06-19 04:18:08'),(44,'parturient montes, nascetur ridiculus mus.','mattis ornare, lectus ante dictum mi, ac mattis velit justo','2014-10-19 10:49:58'),(45,'adipiscing elit. Curabitur sed tortor.','ridiculus mus. Proin vel nisl. Quisque fringilla euismod enim. Etiam','2014-07-04 02:51:00'),(46,'turpis. Aliquam adipiscing lobortis risus.','et ultrices posuere cubilia Curae; Donec tincidunt. Donec vitae erat','2014-10-09 07:36:40'),(47,'est, congue a, aliquet vel,','Donec consectetuer mauris id sapien. Cras dolor dolor, tempus non,','2015-01-11 22:57:47'),(48,'ultricies ornare, elit elit fermentum','dolor dapibus gravida. Aliquam tincidunt, nunc ac mattis ornare, lectus','2014-08-16 02:36:12'),(49,'quam quis diam. Pellentesque habitant','elit, a feugiat tellus lorem eu metus. In lorem. Donec','2014-06-30 04:55:09'),(50,'habitant morbi tristique senectus et','rutrum. Fusce dolor quam, elementum at, egestas a, scelerisque sed,','2014-11-10 04:19:18'),(51,'malesuada. Integer id magna et','vulputate mauris sagittis placerat. Cras dictum ultricies ligula. Nullam enim.','2014-06-03 19:22:52'),(52,'nec, diam. Duis mi enim,','hendrerit consectetuer, cursus et, magna. Praesent interdum ligula eu enim.','2015-03-03 06:18:08'),(53,'Suspendisse ac metus vitae velit','montes, nascetur ridiculus mus. Proin vel nisl. Quisque fringilla euismod','2014-04-25 17:49:41'),(54,'pellentesque. Sed dictum. Proin eget','tincidunt, neque vitae semper egestas, urna justo faucibus lectus, a','2014-06-02 10:29:29'),(55,'sit amet ante. Vivamus non','lobortis augue scelerisque mollis. Phasellus libero mauris, aliquam eu, accumsan','2014-10-20 20:28:48'),(56,'egestas nunc sed libero. Proin','nisi dictum augue malesuada malesuada. Integer id magna et ipsum','2015-01-23 22:58:29'),(57,'ipsum dolor sit amet, consectetuer','Quisque porttitor eros nec tellus. Nunc lectus pede, ultrices a,','2014-03-16 10:17:57'),(58,'convallis in, cursus et, eros.','at, libero. Morbi accumsan laoreet ipsum. Curabitur consequat, lectus sit','2014-12-05 16:38:51'),(59,'pede, ultrices a, auctor non,','sagittis semper. Nam tempor diam dictum sapien. Aenean massa. Integer','2015-01-18 22:33:35'),(60,'Vestibulum ante ipsum primis in','metus urna convallis erat, eget tincidunt dui augue eu tellus.','2014-04-13 00:35:08'),(61,'Sed eu nibh vulputate mauris','eget laoreet posuere, enim nisl elementum purus, accumsan interdum libero','2014-07-13 13:43:58'),(62,'ligula. Aenean euismod mauris eu','Nunc sed orci lobortis augue scelerisque mollis. Phasellus libero mauris,','2014-11-13 06:20:34'),(63,'erat vitae risus. Duis a','velit. Quisque varius. Nam porttitor scelerisque neque. Nullam nisl. Maecenas','2014-06-19 18:41:23'),(64,'nibh. Donec est mauris, rhoncus','sagittis placerat. Cras dictum ultricies ligula. Nullam enim. Sed nulla','2014-08-10 07:48:48'),(65,'molestie pharetra nibh. Aliquam ornare,','metus vitae velit egestas lacinia. Sed congue, elit sed consequat','2014-12-17 14:47:55'),(66,'Integer mollis. Integer tincidunt aliquam','augue scelerisque mollis. Phasellus libero mauris, aliquam eu, accumsan sed,','2014-11-03 15:34:01'),(67,'et ultrices posuere cubilia Curae;','vitae, erat. Vivamus nisi. Mauris nulla. Integer urna. Vivamus molestie','2014-12-10 04:59:50'),(68,'nec, mollis vitae, posuere at,','Sed et libero. Proin mi. Aliquam gravida mauris ut mi.','2015-01-11 18:21:12'),(69,'aliquet diam. Sed diam lorem,','Cum sociis natoque penatibus et magnis dis parturient montes, nascetur','2014-06-25 01:57:55'),(70,'erat eget ipsum. Suspendisse sagittis.','mauris, aliquam eu, accumsan sed, facilisis vitae, orci. Phasellus dapibus','2014-12-13 23:23:46'),(71,'semper rutrum. Fusce dolor quam,','libero nec ligula consectetuer rhoncus. Nullam velit dui, semper et,','2014-08-22 01:01:23'),(72,'enim. Mauris quis turpis vitae','Proin vel nisl. Quisque fringilla euismod enim. Etiam gravida molestie','2014-11-23 02:47:31'),(73,'natoque penatibus et magnis dis','magna. Duis dignissim tempor arcu. Vestibulum ut eros non enim','2014-11-27 04:48:32'),(74,'Sed neque. Sed eget lacus.','nec ante. Maecenas mi felis, adipiscing fringilla, porttitor vulputate, posuere','2014-05-03 06:58:53'),(75,'Integer vulputate, risus a ultricies','Cras vulputate velit eu sem. Pellentesque ut ipsum ac mi','2014-08-09 05:20:45'),(76,'Suspendisse sagittis. Nullam vitae diam.','malesuada fringilla est. Mauris eu turpis. Nulla aliquet. Proin velit.','2014-10-11 07:18:18'),(77,'diam. Pellentesque habitant morbi tristique','fringilla, porttitor vulputate, posuere vulputate, lacus. Cras interdum. Nunc sollicitudin','2014-10-14 11:48:58'),(78,'sit amet lorem semper auctor.','mauris. Suspendisse aliquet molestie tellus. Aenean egestas hendrerit neque. In','2014-07-16 08:52:24'),(79,'dictum augue malesuada malesuada. Integer','sed turpis nec mauris blandit mattis. Cras eget nisi dictum','2014-08-29 03:40:42'),(80,'at lacus. Quisque purus sapien,','lorem, eget mollis lectus pede et risus. Quisque libero lacus,','2014-03-31 01:32:23'),(81,'ultricies ornare, elit elit fermentum','lobortis quam a felis ullamcorper viverra. Maecenas iaculis aliquet diam.','2015-02-10 03:15:34'),(82,'nec urna et arcu imperdiet','bibendum. Donec felis orci, adipiscing non, luctus sit amet, faucibus','2014-04-09 10:51:40'),(83,'mauris eu elit. Nulla facilisi.','ligula. Nullam enim. Sed nulla ante, iaculis nec, eleifend non,','2014-10-18 16:05:21'),(84,'Nulla dignissim. Maecenas ornare egestas','eu, euismod ac, fermentum vel, mauris. Integer sem elit, pharetra','2014-07-28 02:40:29'),(85,'venenatis lacus. Etiam bibendum fermentum','diam. Sed diam lorem, auctor quis, tristique ac, eleifend vitae,','2014-04-03 08:20:02'),(86,'adipiscing fringilla, porttitor vulputate, posuere','sit amet orci. Ut sagittis lobortis mauris. Suspendisse aliquet molestie','2014-11-11 00:04:22'),(87,'elit. Nulla facilisi. Sed neque.','Sed eu nibh vulputate mauris sagittis placerat. Cras dictum ultricies','2014-06-06 12:51:51'),(88,'pede sagittis augue, eu tempor','Duis gravida. Praesent eu nulla at sem molestie sodales. Mauris','2014-03-17 13:36:24'),(89,'venenatis lacus. Etiam bibendum fermentum','nascetur ridiculus mus. Aenean eget magna. Suspendisse tristique neque venenatis','2014-06-01 21:05:28'),(90,'Nullam nisl. Maecenas malesuada fringilla','suscipit nonummy. Fusce fermentum fermentum arcu. Vestibulum ante ipsum primis','2014-07-23 13:11:50'),(91,'nec ante. Maecenas mi felis,','malesuada ut, sem. Nulla interdum. Curabitur dictum. Phasellus in felis.','2014-10-13 22:39:05'),(92,'dolor vitae dolor. Donec fringilla.','Fusce feugiat. Lorem ipsum dolor sit amet, consectetuer adipiscing elit.','2014-08-17 23:11:02'),(93,'eu odio tristique pharetra. Quisque','tristique senectus et netus et malesuada fames ac turpis egestas.','2014-03-16 00:24:06'),(94,'molestie pharetra nibh. Aliquam ornare,','arcu vel quam dignissim pharetra. Nam ac nulla. In tincidunt','2014-05-14 08:27:32'),(95,'Suspendisse eleifend. Cras sed leo.','lacus. Mauris non dui nec urna suscipit nonummy. Fusce fermentum','2014-07-24 13:29:43'),(96,'dui lectus rutrum urna, nec','eu dui. Cum sociis natoque penatibus et magnis dis parturient','2014-05-22 08:56:01'),(97,'in, hendrerit consectetuer, cursus et,','odio sagittis semper. Nam tempor diam dictum sapien. Aenean massa.','2014-07-01 11:01:06'),(98,'Nulla eu neque pellentesque massa','interdum ligula eu enim. Etiam imperdiet dictum magna. Ut tincidunt','2014-10-26 19:37:28'),(99,'a ultricies adipiscing, enim mi','Mauris eu turpis. Nulla aliquet. Proin velit. Sed malesuada augue','2015-02-25 19:54:28'),(100,'pede. Suspendisse dui. Fusce diam','Mauris molestie pharetra nibh. Aliquam ornare, libero at auctor ullamcorper,','2014-08-21 12:39:42');
/*!40000 ALTER TABLE `notes` ENABLE KEYS */;
UNLOCK TABLES;

--
-- Table structure for table `opportunity`
--

DROP TABLE IF EXISTS `opportunity`;
/*!40101 SET @saved_cs_client     = @@character_set_client */;
/*!40101 SET character_set_client = utf8 */;
CREATE TABLE `opportunity` (
  `id` char(50) NOT NULL,
  `name` varchar(100) NOT NULL,
  `description` text NOT NULL,
  `active` bit(1) NOT NULL DEFAULT b'1',
  `opportunityType` varchar(225) NOT NULL,
  `targetQuantity` double(22,3) DEFAULT NULL,
  `targetUnit` varchar(100) DEFAULT NULL,
  `targetValue` varchar(100) DEFAULT NULL,
  `dateOpen` datetime NOT NULL,
  `dateClosed` datetime DEFAULT NULL,
  `probability` double(3,3) DEFAULT NULL,
  PRIMARY KEY (`id`)
) ENGINE=InnoDB DEFAULT CHARSET=latin1;
/*!40101 SET character_set_client = @saved_cs_client */;

--
-- Dumping data for table `opportunity`
--

LOCK TABLES `opportunity` WRITE;
/*!40000 ALTER TABLE `opportunity` DISABLE KEYS */;
INSERT INTO `opportunity` VALUES ('1','CDOs Sales','lorem eu metus. In lorem. Donec elementum, lorem ut aliquam','','Sales',741535.000,'Lot','59031010','0000-00-00 00:00:00','0000-00-00 00:00:00',0.999),('10','Asset Liquidation','nonummy ut, molestie in, tempus eu, ligula. Aenean euismod mauris','\0','Sales',417336.000,'Lot','32886129','0000-00-00 00:00:00','0000-00-00 00:00:00',0.999),('100','Liquidation','ac arcu. Nunc mauris. Morbi non sapien molestie orci tincidunt','\0','Sales',253727.000,'Lot','54996798','0000-00-00 00:00:00','0000-00-00 00:00:00',0.999),('11','IPO','Nam consequat dolor vitae dolor. Donec fringilla. Donec feugiat metus','\0','Liquidation',718893.000,'Lot','95459046','0000-00-00 00:00:00','0000-00-00 00:00:00',0.999),('12','CDOs Sales','nec ante. Maecenas mi felis, adipiscing fringilla, porttitor vulputate, posuere','\0','Marketing',634776.000,'Lot','9385744','0000-00-00 00:00:00','0000-00-00 00:00:00',0.999),('13','Bonds Sales','eleifend. Cras sed leo. Cras vehicula aliquet libero. Integer in','\0','Underwriting',990337.000,'Lot','92524554','0000-00-00 00:00:00','0000-00-00 00:00:00',0.999),('14','Liquidation','ullamcorper. Duis at lacus. Quisque purus sapien, gravida non, sollicitudin','\0','Sales',565444.000,'Lot','77154454','0000-00-00 00:00:00','0000-00-00 00:00:00',0.999),('15','Sales Offer','eget, ipsum. Donec sollicitudin adipiscing ligula. Aenean gravida nunc sed','','Sales',803195.000,'Lot','4089913','0000-00-00 00:00:00','0000-00-00 00:00:00',0.999),('16','Asset Liquidation','nec urna suscipit nonummy. Fusce fermentum fermentum arcu. Vestibulum ante','','Sales',110221.000,'Lot','20439800','0000-00-00 00:00:00','0000-00-00 00:00:00',0.999),('17','Asset Liquidation','consequat enim diam vel arcu. Curabitur ut odio vel est','\0','Marketing',321044.000,'Lot','63735629','0000-00-00 00:00:00','0000-00-00 00:00:00',0.999),('18','IPO','montes, nascetur ridiculus mus. Donec dignissim magna a tortor. Nunc','','Underwriting',762949.000,'Lot','82403870','0000-00-00 00:00:00','0000-00-00 00:00:00',0.999),('19','Liquidation','Pellentesque ut ipsum ac mi eleifend egestas. Sed pharetra, felis','','Sales',333541.000,'Lot','19646613','0000-00-00 00:00:00','0000-00-00 00:00:00',0.999),('2','CDOs Sales','magna. Lorem ipsum dolor sit amet, consectetuer adipiscing elit. Etiam','\0','Marketing',207354.000,'Lot','68642151','0000-00-00 00:00:00','0000-00-00 00:00:00',0.999),('20','Liquidation','parturient montes, nascetur ridiculus mus. Proin vel arcu eu odio','','Sales',723849.000,'Lot','18690989','0000-00-00 00:00:00','0000-00-00 00:00:00',0.999),('21','Sales Offer','mauris a nunc. In at pede. Cras vulputate velit eu','\0','Marketing',953975.000,'Lot','21884318','0000-00-00 00:00:00','0000-00-00 00:00:00',0.999),('22','CDOs Sales','Nulla dignissim. Maecenas ornare egestas ligula. Nullam feugiat placerat velit.','','Liquidation',134718.000,'Lot','28171241','0000-00-00 00:00:00','0000-00-00 00:00:00',0.999),('23','Bonds Sales','id ante dictum cursus. Nunc mauris elit, dictum eu, eleifend','\0','Sales',161146.000,'Lot','12330320','0000-00-00 00:00:00','0000-00-00 00:00:00',0.999),('24','CDOs Sales','magna. Ut tincidunt orci quis lectus. Nullam suscipit, est ac','\0','Sales',237779.000,'Lot','40387763','0000-00-00 00:00:00','0000-00-00 00:00:00',0.999),('25','Sales Offer','enim non nisi. Aenean eget metus. In nec orci. Donec','\0','Underwriting',618477.000,'Lot','9553612','0000-00-00 00:00:00','0000-00-00 00:00:00',0.999),('26','Sales Offer','nulla. Donec non justo. Proin non massa non ante bibendum','\0','Sales',983854.000,'Lot','63602916','0000-00-00 00:00:00','0000-00-00 00:00:00',0.999),('27','Sales Offer','sed sem egestas blandit. Nam nulla magna, malesuada vel, convallis','\0','Sales',212607.000,'Lot','74026754','0000-00-00 00:00:00','0000-00-00 00:00:00',0.999),('28','Asset Liquidation','leo. Cras vehicula aliquet libero. Integer in magna. Phasellus dolor','','Marketing',765722.000,'Lot','51739353','0000-00-00 00:00:00','0000-00-00 00:00:00',0.999),('29','Asset Liquidation','augue ut lacus. Nulla tincidunt, neque vitae semper egestas, urna','\0','Marketing',825619.000,'Lot','10726298','0000-00-00 00:00:00','0000-00-00 00:00:00',0.999),('3','Asset Liquidation','auctor odio a purus. Duis elementum, dui quis accumsan convallis,','','Underwriting',156983.000,'Lot','85517636','0000-00-00 00:00:00','0000-00-00 00:00:00',0.999),('30','Asset Liquidation','quam. Pellentesque habitant morbi tristique senectus et netus et malesuada','','Underwriting',764904.000,'Lot','97509204','0000-00-00 00:00:00','0000-00-00 00:00:00',0.999),('31','Liquidation','sodales purus, in molestie tortor nibh sit amet orci. Ut','\0','Sales',717305.000,'Lot','84789827','0000-00-00 00:00:00','0000-00-00 00:00:00',0.999),('32','Liquidation','accumsan laoreet ipsum. Curabitur consequat, lectus sit amet luctus vulputate,','\0','Marketing',491754.000,'Lot','87429545','0000-00-00 00:00:00','0000-00-00 00:00:00',0.999),('33','Sales Offer','porttitor vulputate, posuere vulputate, lacus. Cras interdum. Nunc sollicitudin commodo','\0','Underwriting',666629.000,'Lot','26792257','0000-00-00 00:00:00','0000-00-00 00:00:00',0.999),('34','Asset Liquidation','malesuada augue ut lacus. Nulla tincidunt, neque vitae semper egestas,','','Sales',815638.000,'Lot','80518856','0000-00-00 00:00:00','0000-00-00 00:00:00',0.999),('35','Sales Offer','sem, consequat nec, mollis vitae, posuere at, velit. Cras lorem','','Liquidation',952600.000,'Lot','12836596','0000-00-00 00:00:00','0000-00-00 00:00:00',0.999),('36','IPO','nec urna et arcu imperdiet ullamcorper. Duis at lacus. Quisque','','Marketing',894782.000,'Lot','24764892','0000-00-00 00:00:00','0000-00-00 00:00:00',0.999),('37','IPO','sed leo. Cras vehicula aliquet libero. Integer in magna. Phasellus','','Marketing',667881.000,'Lot','86465450','0000-00-00 00:00:00','0000-00-00 00:00:00',0.999),('38','IPO','at fringilla purus mauris a nunc. In at pede. Cras','','Liquidation',662589.000,'Lot','74214996','0000-00-00 00:00:00','0000-00-00 00:00:00',0.999),('39','CDOs Sales','at auctor ullamcorper, nisl arcu iaculis enim, sit amet ornare','','Marketing',326529.000,'Lot','42404207','0000-00-00 00:00:00','0000-00-00 00:00:00',0.999),('4','Sales Offer','tempor bibendum. Donec felis orci, adipiscing non, luctus sit amet,','\0','Sales',619921.000,'Lot','89763865','0000-00-00 00:00:00','0000-00-00 00:00:00',0.999),('40','Liquidation','sem elit, pharetra ut, pharetra sed, hendrerit a, arcu. Sed','\0','Marketing',476701.000,'Lot','81328322','0000-00-00 00:00:00','0000-00-00 00:00:00',0.999),('41','Sales Offer','dignissim. Maecenas ornare egestas ligula. Nullam feugiat placerat velit. Quisque','\0','Sales',559724.000,'Lot','78562039','0000-00-00 00:00:00','0000-00-00 00:00:00',0.999),('42','Bonds Sales','diam eu dolor egestas rhoncus. Proin nisl sem, consequat nec,','','Liquidation',183304.000,'Lot','21972811','0000-00-00 00:00:00','0000-00-00 00:00:00',0.999),('43','Asset Liquidation','quis arcu vel quam dignissim pharetra. Nam ac nulla. In','\0','Sales',196624.000,'Lot','52401166','0000-00-00 00:00:00','0000-00-00 00:00:00',0.999),('44','Bonds Sales','aliquet libero. Integer in magna. Phasellus dolor elit, pellentesque a,','\0','Marketing',365887.000,'Lot','24638537','0000-00-00 00:00:00','0000-00-00 00:00:00',0.999),('45','Asset Liquidation','egestas. Sed pharetra, felis eget varius ultrices, mauris ipsum porta','\0','Liquidation',694992.000,'Lot','29112194','0000-00-00 00:00:00','0000-00-00 00:00:00',0.999),('46','Asset Liquidation','at, egestas a, scelerisque sed, sapien. Nunc pulvinar arcu et','','Underwriting',217793.000,'Lot','68002321','0000-00-00 00:00:00','0000-00-00 00:00:00',0.999),('47','Asset Liquidation','ornare egestas ligula. Nullam feugiat placerat velit. Quisque varius. Nam','\0','Sales',632839.000,'Lot','13139969','0000-00-00 00:00:00','0000-00-00 00:00:00',0.999),('48','CDOs Sales','non enim. Mauris quis turpis vitae purus gravida sagittis. Duis','','Liquidation',394737.000,'Lot','5932017','0000-00-00 00:00:00','0000-00-00 00:00:00',0.999),('49','Liquidation','imperdiet, erat nonummy ultricies ornare, elit elit fermentum risus, at','\0','Liquidation',206180.000,'Lot','77679656','0000-00-00 00:00:00','0000-00-00 00:00:00',0.999),('5','Liquidation','et malesuada fames ac turpis egestas. Aliquam fringilla cursus purus.','\0','Sales',663904.000,'Lot','89242114','0000-00-00 00:00:00','0000-00-00 00:00:00',0.999),('50','CDOs Sales','varius. Nam porttitor scelerisque neque. Nullam nisl. Maecenas malesuada fringilla','\0','Sales',920241.000,'Lot','89665732','0000-00-00 00:00:00','0000-00-00 00:00:00',0.999),('51','Sales Offer','egestas a, scelerisque sed, sapien. Nunc pulvinar arcu et pede.','\0','Liquidation',658970.000,'Lot','82617189','0000-00-00 00:00:00','0000-00-00 00:00:00',0.999),('52','CDOs Sales','volutpat. Nulla facilisis. Suspendisse commodo tincidunt nibh. Phasellus nulla. Integer','\0','Underwriting',895928.000,'Lot','81095276','0000-00-00 00:00:00','0000-00-00 00:00:00',0.999),('53','Bonds Sales','neque. Nullam nisl. Maecenas malesuada fringilla est. Mauris eu turpis.','','Liquidation',415563.000,'Lot','15569007','0000-00-00 00:00:00','0000-00-00 00:00:00',0.999),('54','Sales Offer','lacus vestibulum lorem, sit amet ultricies sem magna nec quam.','\0','Liquidation',238115.000,'Lot','62928886','0000-00-00 00:00:00','0000-00-00 00:00:00',0.999),('55','Bonds Sales','urna. Nunc quis arcu vel quam dignissim pharetra. Nam ac','','Liquidation',810891.000,'Lot','68325849','0000-00-00 00:00:00','0000-00-00 00:00:00',0.999),('56','IPO','enim. Curabitur massa. Vestibulum accumsan neque et nunc. Quisque ornare','','Marketing',761067.000,'Lot','49804803','0000-00-00 00:00:00','0000-00-00 00:00:00',0.999),('57','CDOs Sales','libero. Integer in magna. Phasellus dolor elit, pellentesque a, facilisis','','Marketing',825302.000,'Lot','15000102','0000-00-00 00:00:00','0000-00-00 00:00:00',0.999),('58','Bonds Sales','Duis gravida. Praesent eu nulla at sem molestie sodales. Mauris','\0','Marketing',927564.000,'Lot','31983790','0000-00-00 00:00:00','0000-00-00 00:00:00',0.999),('59','IPO','Cras lorem lorem, luctus ut, pellentesque eget, dictum placerat, augue.','','Underwriting',604044.000,'Lot','24565647','0000-00-00 00:00:00','0000-00-00 00:00:00',0.999),('6','Bonds Sales','amet, faucibus ut, nulla. Cras eu tellus eu augue porttitor','\0','Liquidation',692625.000,'Lot','80957685','0000-00-00 00:00:00','0000-00-00 00:00:00',0.999),('60','CDOs Sales','vitae dolor. Donec fringilla. Donec feugiat metus sit amet ante.','\0','Underwriting',179155.000,'Lot','6749181','0000-00-00 00:00:00','0000-00-00 00:00:00',0.999),('61','Bonds Sales','ridiculus mus. Proin vel arcu eu odio tristique pharetra. Quisque','\0','Sales',115567.000,'Lot','51245433','0000-00-00 00:00:00','0000-00-00 00:00:00',0.999),('62','Sales Offer','et arcu imperdiet ullamcorper. Duis at lacus. Quisque purus sapien,','','Liquidation',573712.000,'Lot','85711748','0000-00-00 00:00:00','0000-00-00 00:00:00',0.999),('63','Sales Offer','imperdiet nec, leo. Morbi neque tellus, imperdiet non, vestibulum nec,','','Sales',238460.000,'Lot','89720799','0000-00-00 00:00:00','0000-00-00 00:00:00',0.999),('64','Asset Liquidation','arcu. Sed eu nibh vulputate mauris sagittis placerat. Cras dictum','\0','Underwriting',560145.000,'Lot','51815437','0000-00-00 00:00:00','0000-00-00 00:00:00',0.999),('65','Bonds Sales','hendrerit neque. In ornare sagittis felis. Donec tempor, est ac','','Liquidation',525629.000,'Lot','51705320','0000-00-00 00:00:00','0000-00-00 00:00:00',0.999),('66','Sales Offer','Proin mi. Aliquam gravida mauris ut mi. Duis risus odio,','\0','Underwriting',249577.000,'Lot','12246556','0000-00-00 00:00:00','0000-00-00 00:00:00',0.999),('67','Liquidation','viverra. Maecenas iaculis aliquet diam. Sed diam lorem, auctor quis,','\0','Liquidation',447112.000,'Lot','4288788','0000-00-00 00:00:00','0000-00-00 00:00:00',0.999),('68','Liquidation','Aenean euismod mauris eu elit. Nulla facilisi. Sed neque. Sed','\0','Marketing',170029.000,'Lot','80316064','0000-00-00 00:00:00','0000-00-00 00:00:00',0.999),('69','CDOs Sales','et libero. Proin mi. Aliquam gravida mauris ut mi. Duis','\0','Underwriting',659634.000,'Lot','22577927','0000-00-00 00:00:00','0000-00-00 00:00:00',0.999),('7','Sales Offer','Integer aliquam adipiscing lacus. Ut nec urna et arcu imperdiet','\0','Sales',525787.000,'Lot','13945806','0000-00-00 00:00:00','0000-00-00 00:00:00',0.999),('70','CDOs Sales','eget massa. Suspendisse eleifend. Cras sed leo. Cras vehicula aliquet','','Sales',947886.000,'Lot','74565059','0000-00-00 00:00:00','0000-00-00 00:00:00',0.999),('71','IPO','accumsan sed, facilisis vitae, orci. Phasellus dapibus quam quis diam.','\0','Sales',494058.000,'Lot','22906164','0000-00-00 00:00:00','0000-00-00 00:00:00',0.999),('72','Liquidation','Aliquam adipiscing lobortis risus. In mi pede, nonummy ut, molestie','\0','Liquidation',852411.000,'Lot','22756025','0000-00-00 00:00:00','0000-00-00 00:00:00',0.999),('73','Bonds Sales','orci. Ut sagittis lobortis mauris. Suspendisse aliquet molestie tellus. Aenean','\0','Liquidation',453385.000,'Lot','88438982','0000-00-00 00:00:00','0000-00-00 00:00:00',0.999),('74','Bonds Sales','metus vitae velit egestas lacinia. Sed congue, elit sed consequat','','Sales',944356.000,'Lot','28503675','0000-00-00 00:00:00','0000-00-00 00:00:00',0.999),('75','Sales Offer','ligula tortor, dictum eu, placerat eget, venenatis a, magna. Lorem','\0','Sales',670141.000,'Lot','87911789','0000-00-00 00:00:00','0000-00-00 00:00:00',0.999),('76','Sales Offer','Nullam suscipit, est ac facilisis facilisis, magna tellus faucibus leo,','\0','Liquidation',134309.000,'Lot','97241433','0000-00-00 00:00:00','0000-00-00 00:00:00',0.999),('77','CDOs Sales','Quisque libero lacus, varius et, euismod et, commodo at, libero.','','Liquidation',212996.000,'Lot','4226548','0000-00-00 00:00:00','0000-00-00 00:00:00',0.999),('78','Liquidation','sit amet, faucibus ut, nulla. Cras eu tellus eu augue','','Sales',562861.000,'Lot','11880977','0000-00-00 00:00:00','0000-00-00 00:00:00',0.999),('79','Asset Liquidation','eget tincidunt dui augue eu tellus. Phasellus elit pede, malesuada','\0','Liquidation',794065.000,'Lot','4114460','0000-00-00 00:00:00','0000-00-00 00:00:00',0.999),('8','IPO','rhoncus. Nullam velit dui, semper et, lacinia vitae, sodales at,','','Marketing',200892.000,'Lot','15797825','0000-00-00 00:00:00','0000-00-00 00:00:00',0.999),('80','CDOs Sales','mi. Duis risus odio, auctor vitae, aliquet nec, imperdiet nec,','','Marketing',312286.000,'Lot','55561579','0000-00-00 00:00:00','0000-00-00 00:00:00',0.999),('81','Bonds Sales','varius orci, in consequat enim diam vel arcu. Curabitur ut','','Liquidation',940756.000,'Lot','71258981','0000-00-00 00:00:00','0000-00-00 00:00:00',0.999),('82','Liquidation','nulla. Cras eu tellus eu augue porttitor interdum. Sed auctor','','Marketing',585583.000,'Lot','83834996','0000-00-00 00:00:00','0000-00-00 00:00:00',0.999),('83','Bonds Sales','consectetuer adipiscing elit. Curabitur sed tortor. Integer aliquam adipiscing lacus.','','Liquidation',899750.000,'Lot','76884378','0000-00-00 00:00:00','0000-00-00 00:00:00',0.999),('84','Bonds Sales','In ornare sagittis felis. Donec tempor, est ac mattis semper,','','Underwriting',814849.000,'Lot','12204545','0000-00-00 00:00:00','0000-00-00 00:00:00',0.999),('85','CDOs Sales','Proin dolor. Nulla semper tellus id nunc interdum feugiat. Sed','','Underwriting',593185.000,'Lot','21749258','0000-00-00 00:00:00','0000-00-00 00:00:00',0.999),('86','Liquidation','sapien molestie orci tincidunt adipiscing. Mauris molestie pharetra nibh. Aliquam','','Underwriting',712269.000,'Lot','39056428','0000-00-00 00:00:00','0000-00-00 00:00:00',0.999),('87','Bonds Sales','consectetuer, cursus et, magna. Praesent interdum ligula eu enim. Etiam','','Sales',922589.000,'Lot','52928510','0000-00-00 00:00:00','0000-00-00 00:00:00',0.999),('88','Liquidation','risus. Donec egestas. Aliquam nec enim. Nunc ut erat. Sed','\0','Sales',107270.000,'Lot','98714975','0000-00-00 00:00:00','0000-00-00 00:00:00',0.999),('89','CDOs Sales','mauris. Suspendisse aliquet molestie tellus. Aenean egestas hendrerit neque. In','\0','Marketing',613609.000,'Lot','6292110','0000-00-00 00:00:00','0000-00-00 00:00:00',0.999),('9','IPO','Etiam ligula tortor, dictum eu, placerat eget, venenatis a, magna.','\0','Underwriting',319103.000,'Lot','8624880','0000-00-00 00:00:00','0000-00-00 00:00:00',0.999),('90','IPO','feugiat nec, diam. Duis mi enim, condimentum eget, volutpat ornare,','','Marketing',208859.000,'Lot','7364081','0000-00-00 00:00:00','0000-00-00 00:00:00',0.999),('91','IPO','odio semper cursus. Integer mollis. Integer tincidunt aliquam arcu. Aliquam','\0','Sales',879508.000,'Lot','67905946','0000-00-00 00:00:00','0000-00-00 00:00:00',0.999),('92','IPO','ridiculus mus. Proin vel nisl. Quisque fringilla euismod enim. Etiam','\0','Liquidation',468553.000,'Lot','49964174','0000-00-00 00:00:00','0000-00-00 00:00:00',0.999),('93','IPO','mauris sapien, cursus in, hendrerit consectetuer, cursus et, magna. Praesent','','Sales',990056.000,'Lot','72138034','0000-00-00 00:00:00','0000-00-00 00:00:00',0.999),('94','Liquidation','gravida. Praesent eu nulla at sem molestie sodales. Mauris blandit','\0','Liquidation',397631.000,'Lot','62013582','0000-00-00 00:00:00','0000-00-00 00:00:00',0.999),('95','Asset Liquidation','risus a ultricies adipiscing, enim mi tempor lorem, eget mollis','','Marketing',202707.000,'Lot','94728372','0000-00-00 00:00:00','0000-00-00 00:00:00',0.999),('96','Bonds Sales','lacus. Etiam bibendum fermentum metus. Aenean sed pede nec ante','','Marketing',947876.000,'Lot','1295818','0000-00-00 00:00:00','0000-00-00 00:00:00',0.999),('97','Bonds Sales','cursus et, eros. Proin ultrices. Duis volutpat nunc sit amet','','Marketing',491129.000,'Lot','21151352','0000-00-00 00:00:00','0000-00-00 00:00:00',0.999),('98','IPO','ornare lectus justo eu arcu. Morbi sit amet massa. Quisque','','Underwriting',507773.000,'Lot','63223957','0000-00-00 00:00:00','0000-00-00 00:00:00',0.999),('99','Asset Liquidation','dictum cursus. Nunc mauris elit, dictum eu, eleifend nec, malesuada','\0','Liquidation',292934.000,'Lot','4170214','0000-00-00 00:00:00','0000-00-00 00:00:00',0.999);
/*!40000 ALTER TABLE `opportunity` ENABLE KEYS */;
UNLOCK TABLES;

--
-- Table structure for table `product`
--

DROP TABLE IF EXISTS `product`;
/*!40101 SET @saved_cs_client     = @@character_set_client */;
/*!40101 SET character_set_client = utf8 */;
CREATE TABLE `product` (
  `id` char(36) NOT NULL,
  `name` varchar(100) NOT NULL,
  `description` text NOT NULL,
  `supplier` varchar(200) DEFAULT NULL,
  PRIMARY KEY (`id`)
) ENGINE=InnoDB DEFAULT CHARSET=latin1;
/*!40101 SET character_set_client = @saved_cs_client */;

--
-- Dumping data for table `product`
--

LOCK TABLES `product` WRITE;
/*!40000 ALTER TABLE `product` DISABLE KEYS */;
INSERT INTO `product` VALUES ('Bond','Fixed-Income Security','Interes-bearing security',NULL),('CDO','Collateralized Debt Obligation','A structured financial product that pools together cash flow-generating assets and repackages this asset pool into discrete tranches that can be sold to investors.',NULL),('Exotic','Hybrid','Hybrid Fixed-Income and Equity Secruity',NULL),('Oil','Deliverable Crude Oil','Spot month-to-month deliverable oil batches',NULL),('Stock','Equity','Ownership Equity',NULL);
/*!40000 ALTER TABLE `product` ENABLE KEYS */;
UNLOCK TABLES;

--
-- Table structure for table `service`
--

DROP TABLE IF EXISTS `service`;
/*!40101 SET @saved_cs_client     = @@character_set_client */;
/*!40101 SET character_set_client = utf8 */;
CREATE TABLE `service` (
  `id` int(10) NOT NULL AUTO_INCREMENT,
  `description` text,
  `openDate` datetime NOT NULL,
  `solved` bit(1) NOT NULL DEFAULT b'0',
  `state` varchar(100) NOT NULL DEFAULT 'Open',
  `caseType` varchar(100) NOT NULL,
  `priority` varchar(100) DEFAULT NULL,
  `resolution` text,
  `workLog` text,
  `closeDate` datetime DEFAULT NULL,
  PRIMARY KEY (`id`)
) ENGINE=InnoDB AUTO_INCREMENT=101 DEFAULT CHARSET=latin1;
/*!40101 SET character_set_client = @saved_cs_client */;

--
-- Dumping data for table `service`
--

LOCK TABLES `service` WRITE;
/*!40000 ALTER TABLE `service` DISABLE KEYS */;
INSERT INTO `service` VALUES (1,'vel lectus. Cum sociis natoque penatibus et magnis dis parturient','2015-03-13 10:45:20','','Open','Request','Low','ornare, facilisis eget, ipsum. Donec sollicitudin adipiscing ligula. Aenean gravida nunc sed pede. Cum sociis natoque penatibus et magnis dis parturient montes, nascetur ridiculus mus.','pede. Cum sociis natoque penatibus et magnis dis parturient montes, nascetur ridiculus mus. Proin vel arcu eu odio tristique pharetra. Quisque ac libero nec ligula consectetuer rhoncus. Nullam velit dui, semper et, lacinia vitae, sodales at, velit. Pellentesque ultricies dignissim','2014-01-06 03:14:20'),(2,'faucibus orci luctus et ultrices posuere cubilia Curae; Phasellus ornare.','2013-03-27 07:27:57','\0','Open','Request','Urgent','tincidunt nibh. Phasellus nulla. Integer vulputate, risus a ultricies adipiscing, enim mi tempor lorem, eget mollis lectus pede et risus. Quisque libero lacus, varius et,','ac turpis egestas. Aliquam fringilla cursus purus. Nullam scelerisque neque sed sem egestas blandit. Nam nulla magna, malesuada vel, convallis in, cursus et, eros. Proin ultrices. Duis volutpat nunc sit amet metus. Aliquam erat volutpat. Nulla facilisis. Suspendisse commodo tincidunt','2014-03-27 12:38:34'),(3,'commodo hendrerit. Donec porttitor tellus non magna. Nam ligula elit,','2014-05-25 03:40:19','\0','Cancelled','Inquiry','Medium','vel turpis. Aliquam adipiscing lobortis risus. In mi pede, nonummy ut, molestie in, tempus eu, ligula. Aenean euismod mauris eu elit. Nulla facilisi. Sed neque.','enim mi tempor lorem, eget mollis lectus pede et risus. Quisque libero lacus, varius et, euismod et, commodo at, libero. Morbi accumsan laoreet ipsum. Curabitur consequat, lectus sit amet luctus vulputate, nisi sem semper erat, in consectetuer ipsum nunc id','2014-01-14 15:21:37'),(4,'laoreet lectus quis massa. Mauris vestibulum, neque sed dictum eleifend,','2014-11-28 05:15:19','\0','Cancelled','Inquiry','Urgent','est. Nunc laoreet lectus quis massa. Mauris vestibulum, neque sed dictum eleifend, nunc risus varius orci, in consequat enim diam vel arcu. Curabitur ut odio','interdum. Curabitur dictum. Phasellus in felis. Nulla tempor augue ac ipsum. Phasellus vitae mauris sit amet lorem semper auctor. Mauris vel turpis. Aliquam adipiscing lobortis risus. In mi pede, nonummy ut, molestie in, tempus eu, ligula. Aenean euismod mauris eu','2013-06-26 17:30:36'),(5,'auctor. Mauris vel turpis. Aliquam adipiscing lobortis risus. In mi','2014-03-12 16:52:06','\0','Dismissed','Inquiry','Low','vitae, posuere at, velit. Cras lorem lorem, luctus ut, pellentesque eget, dictum placerat, augue. Sed molestie. Sed id risus quis diam luctus lobortis. Class aptent','auctor vitae, aliquet nec, imperdiet nec, leo. Morbi neque tellus, imperdiet non, vestibulum nec, euismod in, dolor. Fusce feugiat. Lorem ipsum dolor sit amet, consectetuer adipiscing elit. Aliquam auctor, velit eget laoreet posuere, enim nisl elementum purus, accumsan interdum libero','2013-10-10 20:06:48'),(6,'auctor ullamcorper, nisl arcu iaculis enim, sit amet ornare lectus','2013-08-16 22:53:35','\0','Closed','Support','Urgent','orci tincidunt adipiscing. Mauris molestie pharetra nibh. Aliquam ornare, libero at auctor ullamcorper, nisl arcu iaculis enim, sit amet ornare lectus justo eu arcu. Morbi','blandit enim consequat purus. Maecenas libero est, congue a, aliquet vel, vulputate eu, odio. Phasellus at augue id ante dictum cursus. Nunc mauris elit, dictum eu, eleifend nec, malesuada ut, sem. Nulla interdum. Curabitur dictum. Phasellus in felis. Nulla tempor','2013-12-01 10:14:36'),(7,'urna. Vivamus molestie dapibus ligula. Aliquam erat volutpat. Nulla dignissim.','2013-08-14 19:36:33','\0','Dismissed','Inquiry','Low','Donec feugiat metus sit amet ante. Vivamus non lorem vitae odio sagittis semper. Nam tempor diam dictum sapien. Aenean massa. Integer vitae nibh. Donec est','turpis. Aliquam adipiscing lobortis risus. In mi pede, nonummy ut, molestie in, tempus eu, ligula. Aenean euismod mauris eu elit. Nulla facilisi. Sed neque. Sed eget lacus. Mauris non dui nec urna suscipit nonummy. Fusce fermentum fermentum arcu. Vestibulum ante','2013-05-28 16:44:06'),(8,'Donec at arcu. Vestibulum ante ipsum primis in faucibus orci','2013-12-19 16:35:12','\0','Cancelled','Custom Order','Urgent','dui nec urna suscipit nonummy. Fusce fermentum fermentum arcu. Vestibulum ante ipsum primis in faucibus orci luctus et ultrices posuere cubilia Curae; Phasellus ornare. Fusce','Donec nibh. Quisque nonummy ipsum non arcu. Vivamus sit amet risus. Donec egestas. Aliquam nec enim. Nunc ut erat. Sed nunc est, mollis non, cursus non, egestas a, dui. Cras pellentesque. Sed dictum. Proin eget odio. Aliquam vulputate ullamcorper magna.','2014-03-18 07:29:44'),(9,'gravida sit amet, dapibus id, blandit at, nisi. Cum sociis','2014-04-04 10:31:17','','Cancelled','Support','Urgent','ac arcu. Nunc mauris. Morbi non sapien molestie orci tincidunt adipiscing. Mauris molestie pharetra nibh. Aliquam ornare, libero at auctor ullamcorper, nisl arcu iaculis enim,','ultrices posuere cubilia Curae; Phasellus ornare. Fusce mollis. Duis sit amet diam eu dolor egestas rhoncus. Proin nisl sem, consequat nec, mollis vitae, posuere at, velit. Cras lorem lorem, luctus ut, pellentesque eget, dictum placerat, augue. Sed molestie. Sed id','2013-09-07 14:27:50'),(10,'Quisque tincidunt pede ac urna. Ut tincidunt vehicula risus. Nulla','2014-11-28 17:59:53','','Closed','Custom Order','Urgent','lectus rutrum urna, nec luctus felis purus ac tellus. Suspendisse sed dolor. Fusce mi lorem, vehicula et, rutrum eu, ultrices sit amet, risus. Donec nibh','Fusce dolor quam, elementum at, egestas a, scelerisque sed, sapien. Nunc pulvinar arcu et pede. Nunc sed orci lobortis augue scelerisque mollis. Phasellus libero mauris, aliquam eu, accumsan sed, facilisis vitae, orci. Phasellus dapibus quam quis diam. Pellentesque habitant morbi','2014-06-13 22:42:52'),(11,'placerat velit. Quisque varius. Nam porttitor scelerisque neque. Nullam nisl.','2013-05-01 17:32:50','\0','Closed','Custom Order','High','inceptos hymenaeos. Mauris ut quam vel sapien imperdiet ornare. In faucibus. Morbi vehicula. Pellentesque tincidunt tempus risus. Donec egestas. Duis ac arcu. Nunc mauris. Morbi','congue, elit sed consequat auctor, nunc nulla vulputate dui, nec tempus mauris erat eget ipsum. Suspendisse sagittis. Nullam vitae diam. Proin dolor. Nulla semper tellus id nunc interdum feugiat. Sed nec metus facilisis lorem tristique aliquet. Phasellus fermentum convallis ligula.','2014-01-11 22:17:50'),(12,'blandit. Nam nulla magna, malesuada vel, convallis in, cursus et,','2013-10-08 23:07:33','','Cancelled','Request','Low','luctus et ultrices posuere cubilia Curae; Phasellus ornare. Fusce mollis. Duis sit amet diam eu dolor egestas rhoncus. Proin nisl sem, consequat nec, mollis vitae,','per inceptos hymenaeos. Mauris ut quam vel sapien imperdiet ornare. In faucibus. Morbi vehicula. Pellentesque tincidunt tempus risus. Donec egestas. Duis ac arcu. Nunc mauris. Morbi non sapien molestie orci tincidunt adipiscing. Mauris molestie pharetra nibh. Aliquam ornare, libero at','2014-12-29 10:37:32'),(13,'quis, tristique ac, eleifend vitae, erat. Vivamus nisi. Mauris nulla.','2014-05-28 09:40:35','','Dismissed','Inquiry','High','Suspendisse eleifend. Cras sed leo. Cras vehicula aliquet libero. Integer in magna. Phasellus dolor elit, pellentesque a, facilisis non, bibendum sed, est. Nunc laoreet lectus','semper pretium neque. Morbi quis urna. Nunc quis arcu vel quam dignissim pharetra. Nam ac nulla. In tincidunt congue turpis. In condimentum. Donec at arcu. Vestibulum ante ipsum primis in faucibus orci luctus et ultrices posuere cubilia Curae; Donec tincidunt.','2013-12-25 13:07:43'),(14,'dictum mi, ac mattis velit justo nec ante. Maecenas mi','2014-06-19 07:28:27','\0','Cancelled','Inquiry','Low','est, vitae sodales nisi magna sed dui. Fusce aliquam, enim nec tempus scelerisque, lorem ipsum sodales purus, in molestie tortor nibh sit amet orci. Ut','Cras dolor dolor, tempus non, lacinia at, iaculis quis, pede. Praesent eu dui. Cum sociis natoque penatibus et magnis dis parturient montes, nascetur ridiculus mus. Aenean eget magna. Suspendisse tristique neque venenatis lacus. Etiam bibendum fermentum metus. Aenean sed pede','2014-05-18 14:30:34'),(15,'euismod et, commodo at, libero. Morbi accumsan laoreet ipsum. Curabitur','2014-04-04 20:13:12','\0','Dismissed','Inquiry','Medium','luctus. Curabitur egestas nunc sed libero. Proin sed turpis nec mauris blandit mattis. Cras eget nisi dictum augue malesuada malesuada. Integer id magna et ipsum','fames ac turpis egestas. Aliquam fringilla cursus purus. Nullam scelerisque neque sed sem egestas blandit. Nam nulla magna, malesuada vel, convallis in, cursus et, eros. Proin ultrices. Duis volutpat nunc sit amet metus. Aliquam erat volutpat. Nulla facilisis. Suspendisse commodo','2013-12-03 05:18:19'),(16,'In at pede. Cras vulputate velit eu sem. Pellentesque ut','2013-09-22 01:23:13','\0','Open','Inquiry','High','nunc. Quisque ornare tortor at risus. Nunc ac sem ut dolor dapibus gravida. Aliquam tincidunt, nunc ac mattis ornare, lectus ante dictum mi, ac mattis','Praesent interdum ligula eu enim. Etiam imperdiet dictum magna. Ut tincidunt orci quis lectus. Nullam suscipit, est ac facilisis facilisis, magna tellus faucibus leo, in lobortis tellus justo sit amet nulla. Donec non justo. Proin non massa non ante bibendum','2013-12-18 07:36:06'),(17,'Phasellus elit pede, malesuada vel, venenatis vel, faucibus id, libero.','2013-11-19 09:32:06','','Closed','Inquiry','Medium','at auctor ullamcorper, nisl arcu iaculis enim, sit amet ornare lectus justo eu arcu. Morbi sit amet massa. Quisque porttitor eros nec tellus. Nunc lectus','faucibus leo, in lobortis tellus justo sit amet nulla. Donec non justo. Proin non massa non ante bibendum ullamcorper. Duis cursus, diam at pretium aliquet, metus urna convallis erat, eget tincidunt dui augue eu tellus. Phasellus elit pede, malesuada vel,','2013-06-05 09:25:50'),(18,'Nullam suscipit, est ac facilisis facilisis, magna tellus faucibus leo,','2013-07-23 08:42:10','\0','Cancelled','Request','Urgent','metus. Vivamus euismod urna. Nullam lobortis quam a felis ullamcorper viverra. Maecenas iaculis aliquet diam. Sed diam lorem, auctor quis, tristique ac, eleifend vitae, erat.','dictum mi, ac mattis velit justo nec ante. Maecenas mi felis, adipiscing fringilla, porttitor vulputate, posuere vulputate, lacus. Cras interdum. Nunc sollicitudin commodo ipsum. Suspendisse non leo. Vivamus nibh dolor, nonummy ac, feugiat non, lobortis quis, pede. Suspendisse dui. Fusce','2013-06-11 12:25:21'),(19,'lorem ut aliquam iaculis, lacus pede sagittis augue, eu tempor','2014-11-30 20:10:36','\0','Dismissed','Inquiry','Low','montes, nascetur ridiculus mus. Donec dignissim magna a tortor. Nunc commodo auctor velit. Aliquam nisl. Nulla eu neque pellentesque massa lobortis ultrices. Vivamus rhoncus. Donec','fringilla ornare placerat, orci lacus vestibulum lorem, sit amet ultricies sem magna nec quam. Curabitur vel lectus. Cum sociis natoque penatibus et magnis dis parturient montes, nascetur ridiculus mus. Donec dignissim magna a tortor. Nunc commodo auctor velit. Aliquam nisl.','2014-05-31 08:48:54'),(20,'lorem tristique aliquet. Phasellus fermentum convallis ligula. Donec luctus aliquet','2015-01-13 21:53:17','','Open','Inquiry','Medium','est ac mattis semper, dui lectus rutrum urna, nec luctus felis purus ac tellus. Suspendisse sed dolor. Fusce mi lorem, vehicula et, rutrum eu, ultrices','consequat dolor vitae dolor. Donec fringilla. Donec feugiat metus sit amet ante. Vivamus non lorem vitae odio sagittis semper. Nam tempor diam dictum sapien. Aenean massa. Integer vitae nibh. Donec est mauris, rhoncus id, mollis nec, cursus a, enim. Suspendisse','2013-10-11 23:27:06'),(21,'ligula. Donec luctus aliquet odio. Etiam ligula tortor, dictum eu,','2015-03-03 07:19:10','','Cancelled','Custom Order','Low','habitant morbi tristique senectus et netus et malesuada fames ac turpis egestas. Fusce aliquet magna a neque. Nullam ut nisi a odio semper cursus. Integer','pretium et, rutrum non, hendrerit id, ante. Nunc mauris sapien, cursus in, hendrerit consectetuer, cursus et, magna. Praesent interdum ligula eu enim. Etiam imperdiet dictum magna. Ut tincidunt orci quis lectus. Nullam suscipit, est ac facilisis facilisis, magna tellus faucibus','2014-09-11 08:47:11'),(22,'odio vel est tempor bibendum. Donec felis orci, adipiscing non,','2013-08-30 15:18:21','','Cancelled','Custom Order','High','a, scelerisque sed, sapien. Nunc pulvinar arcu et pede. Nunc sed orci lobortis augue scelerisque mollis. Phasellus libero mauris, aliquam eu, accumsan sed, facilisis vitae,','Cras vehicula aliquet libero. Integer in magna. Phasellus dolor elit, pellentesque a, facilisis non, bibendum sed, est. Nunc laoreet lectus quis massa. Mauris vestibulum, neque sed dictum eleifend, nunc risus varius orci, in consequat enim diam vel arcu. Curabitur ut','2013-08-01 09:03:21'),(23,'commodo ipsum. Suspendisse non leo. Vivamus nibh dolor, nonummy ac,','2014-05-13 02:10:21','\0','Cancelled','Support','High','dictum. Phasellus in felis. Nulla tempor augue ac ipsum. Phasellus vitae mauris sit amet lorem semper auctor. Mauris vel turpis. Aliquam adipiscing lobortis risus. In','Phasellus ornare. Fusce mollis. Duis sit amet diam eu dolor egestas rhoncus. Proin nisl sem, consequat nec, mollis vitae, posuere at, velit. Cras lorem lorem, luctus ut, pellentesque eget, dictum placerat, augue. Sed molestie. Sed id risus quis diam luctus','2013-06-06 05:42:27'),(24,'amet diam eu dolor egestas rhoncus. Proin nisl sem, consequat','2013-08-31 04:20:20','\0','Open','Support','Urgent','a feugiat tellus lorem eu metus. In lorem. Donec elementum, lorem ut aliquam iaculis, lacus pede sagittis augue, eu tempor erat neque non quam. Pellentesque','nibh. Aliquam ornare, libero at auctor ullamcorper, nisl arcu iaculis enim, sit amet ornare lectus justo eu arcu. Morbi sit amet massa. Quisque porttitor eros nec tellus. Nunc lectus pede, ultrices a, auctor non, feugiat nec, diam. Duis mi enim,','2014-06-09 15:08:01'),(25,'imperdiet ullamcorper. Duis at lacus. Quisque purus sapien, gravida non,','2014-05-08 13:56:11','','Closed','Request','Low','purus. Nullam scelerisque neque sed sem egestas blandit. Nam nulla magna, malesuada vel, convallis in, cursus et, eros. Proin ultrices. Duis volutpat nunc sit amet','amet risus. Donec egestas. Aliquam nec enim. Nunc ut erat. Sed nunc est, mollis non, cursus non, egestas a, dui. Cras pellentesque. Sed dictum. Proin eget odio. Aliquam vulputate ullamcorper magna. Sed eu eros. Nam consequat dolor vitae dolor. Donec','2014-12-17 10:18:37'),(26,'scelerisque neque sed sem egestas blandit. Nam nulla magna, malesuada','2014-07-11 10:21:48','\0','Cancelled','Request','High','lobortis quis, pede. Suspendisse dui. Fusce diam nunc, ullamcorper eu, euismod ac, fermentum vel, mauris. Integer sem elit, pharetra ut, pharetra sed, hendrerit a, arcu.','vitae diam. Proin dolor. Nulla semper tellus id nunc interdum feugiat. Sed nec metus facilisis lorem tristique aliquet. Phasellus fermentum convallis ligula. Donec luctus aliquet odio. Etiam ligula tortor, dictum eu, placerat eget, venenatis a, magna. Lorem ipsum dolor sit','2013-05-29 08:16:06'),(27,'neque non quam. Pellentesque habitant morbi tristique senectus et netus','2013-05-22 11:23:44','','Open','Inquiry','Urgent','et magnis dis parturient montes, nascetur ridiculus mus. Aenean eget magna. Suspendisse tristique neque venenatis lacus. Etiam bibendum fermentum metus. Aenean sed pede nec ante','faucibus. Morbi vehicula. Pellentesque tincidunt tempus risus. Donec egestas. Duis ac arcu. Nunc mauris. Morbi non sapien molestie orci tincidunt adipiscing. Mauris molestie pharetra nibh. Aliquam ornare, libero at auctor ullamcorper, nisl arcu iaculis enim, sit amet ornare lectus justo','2014-05-23 03:05:54'),(28,'cursus, diam at pretium aliquet, metus urna convallis erat, eget','2013-06-05 22:24:04','','Closed','Request','Medium','facilisis facilisis, magna tellus faucibus leo, in lobortis tellus justo sit amet nulla. Donec non justo. Proin non massa non ante bibendum ullamcorper. Duis cursus,','velit in aliquet lobortis, nisi nibh lacinia orci, consectetuer euismod est arcu ac orci. Ut semper pretium neque. Morbi quis urna. Nunc quis arcu vel quam dignissim pharetra. Nam ac nulla. In tincidunt congue turpis. In condimentum. Donec at arcu.','2013-11-27 03:10:17'),(29,'mollis vitae, posuere at, velit. Cras lorem lorem, luctus ut,','2013-07-12 13:35:13','','Closed','Support','Medium','nibh sit amet orci. Ut sagittis lobortis mauris. Suspendisse aliquet molestie tellus. Aenean egestas hendrerit neque. In ornare sagittis felis. Donec tempor, est ac mattis','nec, eleifend non, dapibus rutrum, justo. Praesent luctus. Curabitur egestas nunc sed libero. Proin sed turpis nec mauris blandit mattis. Cras eget nisi dictum augue malesuada malesuada. Integer id magna et ipsum cursus vestibulum. Mauris magna. Duis dignissim tempor arcu.','2014-08-08 02:48:42'),(30,'felis. Nulla tempor augue ac ipsum. Phasellus vitae mauris sit','2013-11-17 07:43:32','','Dismissed','Inquiry','Urgent','dui, semper et, lacinia vitae, sodales at, velit. Pellentesque ultricies dignissim lacus. Aliquam rutrum lorem ac risus. Morbi metus. Vivamus euismod urna. Nullam lobortis quam','et, euismod et, commodo at, libero. Morbi accumsan laoreet ipsum. Curabitur consequat, lectus sit amet luctus vulputate, nisi sem semper erat, in consectetuer ipsum nunc id enim. Curabitur massa. Vestibulum accumsan neque et nunc. Quisque ornare tortor at risus. Nunc','2013-11-18 01:00:20'),(31,'imperdiet ullamcorper. Duis at lacus. Quisque purus sapien, gravida non,','2014-12-20 21:57:06','\0','Open','Support','Medium','urna convallis erat, eget tincidunt dui augue eu tellus. Phasellus elit pede, malesuada vel, venenatis vel, faucibus id, libero. Donec consectetuer mauris id sapien. Cras','Aliquam gravida mauris ut mi. Duis risus odio, auctor vitae, aliquet nec, imperdiet nec, leo. Morbi neque tellus, imperdiet non, vestibulum nec, euismod in, dolor. Fusce feugiat. Lorem ipsum dolor sit amet, consectetuer adipiscing elit. Aliquam auctor, velit eget laoreet','2013-05-17 07:42:15'),(32,'dignissim pharetra. Nam ac nulla. In tincidunt congue turpis. In','2014-09-25 22:50:17','\0','Cancelled','Request','High','id risus quis diam luctus lobortis. Class aptent taciti sociosqu ad litora torquent per conubia nostra, per inceptos hymenaeos. Mauris ut quam vel sapien imperdiet','purus sapien, gravida non, sollicitudin a, malesuada id, erat. Etiam vestibulum massa rutrum magna. Cras convallis convallis dolor. Quisque tincidunt pede ac urna. Ut tincidunt vehicula risus. Nulla eget metus eu erat semper rutrum. Fusce dolor quam, elementum at, egestas','2014-03-27 13:36:37'),(33,'lacus, varius et, euismod et, commodo at, libero. Morbi accumsan','2014-01-28 21:51:21','\0','Dismissed','Request','Urgent','eu tellus. Phasellus elit pede, malesuada vel, venenatis vel, faucibus id, libero. Donec consectetuer mauris id sapien. Cras dolor dolor, tempus non, lacinia at, iaculis','primis in faucibus orci luctus et ultrices posuere cubilia Curae; Donec tincidunt. Donec vitae erat vel pede blandit congue. In scelerisque scelerisque dui. Suspendisse ac metus vitae velit egestas lacinia. Sed congue, elit sed consequat auctor, nunc nulla vulputate dui,','2013-10-09 11:58:28'),(34,'augue ac ipsum. Phasellus vitae mauris sit amet lorem semper','2013-09-19 05:37:52','','Closed','Custom Order','High','tellus id nunc interdum feugiat. Sed nec metus facilisis lorem tristique aliquet. Phasellus fermentum convallis ligula. Donec luctus aliquet odio. Etiam ligula tortor, dictum eu,','bibendum fermentum metus. Aenean sed pede nec ante blandit viverra. Donec tempus, lorem fringilla ornare placerat, orci lacus vestibulum lorem, sit amet ultricies sem magna nec quam. Curabitur vel lectus. Cum sociis natoque penatibus et magnis dis parturient montes, nascetur','2013-11-11 17:18:43'),(35,'Sed eget lacus. Mauris non dui nec urna suscipit nonummy.','2014-10-21 06:33:05','\0','Cancelled','Inquiry','Low','Fusce fermentum fermentum arcu. Vestibulum ante ipsum primis in faucibus orci luctus et ultrices posuere cubilia Curae; Phasellus ornare. Fusce mollis. Duis sit amet diam','Mauris eu turpis. Nulla aliquet. Proin velit. Sed malesuada augue ut lacus. Nulla tincidunt, neque vitae semper egestas, urna justo faucibus lectus, a sollicitudin orci sem eget massa. Suspendisse eleifend. Cras sed leo. Cras vehicula aliquet libero. Integer in magna.','2013-04-11 08:56:48'),(36,'ac libero nec ligula consectetuer rhoncus. Nullam velit dui, semper','2015-01-03 18:21:27','\0','Closed','Inquiry','Low','euismod in, dolor. Fusce feugiat. Lorem ipsum dolor sit amet, consectetuer adipiscing elit. Aliquam auctor, velit eget laoreet posuere, enim nisl elementum purus, accumsan interdum','lectus pede et risus. Quisque libero lacus, varius et, euismod et, commodo at, libero. Morbi accumsan laoreet ipsum. Curabitur consequat, lectus sit amet luctus vulputate, nisi sem semper erat, in consectetuer ipsum nunc id enim. Curabitur massa. Vestibulum accumsan neque','2014-06-14 15:55:15'),(37,'iaculis quis, pede. Praesent eu dui. Cum sociis natoque penatibus','2014-05-23 00:15:15','','Open','Inquiry','Low','nec, mollis vitae, posuere at, velit. Cras lorem lorem, luctus ut, pellentesque eget, dictum placerat, augue. Sed molestie. Sed id risus quis diam luctus lobortis.','dui, nec tempus mauris erat eget ipsum. Suspendisse sagittis. Nullam vitae diam. Proin dolor. Nulla semper tellus id nunc interdum feugiat. Sed nec metus facilisis lorem tristique aliquet. Phasellus fermentum convallis ligula. Donec luctus aliquet odio. Etiam ligula tortor, dictum','2013-04-19 15:25:49'),(38,'imperdiet, erat nonummy ultricies ornare, elit elit fermentum risus, at','2013-10-28 08:43:14','','Open','Inquiry','Medium','massa rutrum magna. Cras convallis convallis dolor. Quisque tincidunt pede ac urna. Ut tincidunt vehicula risus. Nulla eget metus eu erat semper rutrum. Fusce dolor','mollis. Integer tincidunt aliquam arcu. Aliquam ultrices iaculis odio. Nam interdum enim non nisi. Aenean eget metus. In nec orci. Donec nibh. Quisque nonummy ipsum non arcu. Vivamus sit amet risus. Donec egestas. Aliquam nec enim. Nunc ut erat. Sed','2014-10-22 12:04:07'),(39,'id, mollis nec, cursus a, enim. Suspendisse aliquet, sem ut','2013-11-06 07:34:25','','Dismissed','Support','Low','metus vitae velit egestas lacinia. Sed congue, elit sed consequat auctor, nunc nulla vulputate dui, nec tempus mauris erat eget ipsum. Suspendisse sagittis. Nullam vitae','nulla ante, iaculis nec, eleifend non, dapibus rutrum, justo. Praesent luctus. Curabitur egestas nunc sed libero. Proin sed turpis nec mauris blandit mattis. Cras eget nisi dictum augue malesuada malesuada. Integer id magna et ipsum cursus vestibulum. Mauris magna. Duis','2013-09-26 16:22:12'),(40,'erat volutpat. Nulla facilisis. Suspendisse commodo tincidunt nibh. Phasellus nulla.','2014-02-16 00:51:57','','Dismissed','Inquiry','Urgent','rutrum eu, ultrices sit amet, risus. Donec nibh enim, gravida sit amet, dapibus id, blandit at, nisi. Cum sociis natoque penatibus et magnis dis parturient','pede sagittis augue, eu tempor erat neque non quam. Pellentesque habitant morbi tristique senectus et netus et malesuada fames ac turpis egestas. Aliquam fringilla cursus purus. Nullam scelerisque neque sed sem egestas blandit. Nam nulla magna, malesuada vel, convallis in,','2013-11-04 16:12:49'),(41,'Aenean euismod mauris eu elit. Nulla facilisi. Sed neque. Sed','2014-06-11 10:25:57','','Open','Inquiry','High','consectetuer mauris id sapien. Cras dolor dolor, tempus non, lacinia at, iaculis quis, pede. Praesent eu dui. Cum sociis natoque penatibus et magnis dis parturient','Integer mollis. Integer tincidunt aliquam arcu. Aliquam ultrices iaculis odio. Nam interdum enim non nisi. Aenean eget metus. In nec orci. Donec nibh. Quisque nonummy ipsum non arcu. Vivamus sit amet risus. Donec egestas. Aliquam nec enim. Nunc ut erat.','2014-04-29 16:30:42'),(42,'cursus in, hendrerit consectetuer, cursus et, magna. Praesent interdum ligula','2013-03-14 10:05:42','','Dismissed','Inquiry','High','Mauris vestibulum, neque sed dictum eleifend, nunc risus varius orci, in consequat enim diam vel arcu. Curabitur ut odio vel est tempor bibendum. Donec felis','risus varius orci, in consequat enim diam vel arcu. Curabitur ut odio vel est tempor bibendum. Donec felis orci, adipiscing non, luctus sit amet, faucibus ut, nulla. Cras eu tellus eu augue porttitor interdum. Sed auctor odio a purus. Duis','2014-12-02 14:22:04'),(43,'mattis. Integer eu lacus. Quisque imperdiet, erat nonummy ultricies ornare,','2014-01-17 15:18:12','\0','Cancelled','Request','Medium','neque. Nullam ut nisi a odio semper cursus. Integer mollis. Integer tincidunt aliquam arcu. Aliquam ultrices iaculis odio. Nam interdum enim non nisi. Aenean eget','a, enim. Suspendisse aliquet, sem ut cursus luctus, ipsum leo elementum sem, vitae aliquam eros turpis non enim. Mauris quis turpis vitae purus gravida sagittis. Duis gravida. Praesent eu nulla at sem molestie sodales. Mauris blandit enim consequat purus. Maecenas','2014-02-16 08:54:04'),(44,'malesuada vel, venenatis vel, faucibus id, libero. Donec consectetuer mauris','2013-08-20 12:22:34','','Open','Inquiry','Medium','volutpat nunc sit amet metus. Aliquam erat volutpat. Nulla facilisis. Suspendisse commodo tincidunt nibh. Phasellus nulla. Integer vulputate, risus a ultricies adipiscing, enim mi tempor','sit amet diam eu dolor egestas rhoncus. Proin nisl sem, consequat nec, mollis vitae, posuere at, velit. Cras lorem lorem, luctus ut, pellentesque eget, dictum placerat, augue. Sed molestie. Sed id risus quis diam luctus lobortis. Class aptent taciti sociosqu','2013-09-24 03:16:46'),(45,'nunc sed libero. Proin sed turpis nec mauris blandit mattis.','2014-07-17 10:32:39','\0','Dismissed','Request','Medium','vitae, erat. Vivamus nisi. Mauris nulla. Integer urna. Vivamus molestie dapibus ligula. Aliquam erat volutpat. Nulla dignissim. Maecenas ornare egestas ligula. Nullam feugiat placerat velit.','ac mattis semper, dui lectus rutrum urna, nec luctus felis purus ac tellus. Suspendisse sed dolor. Fusce mi lorem, vehicula et, rutrum eu, ultrices sit amet, risus. Donec nibh enim, gravida sit amet, dapibus id, blandit at, nisi. Cum sociis','2014-05-24 11:53:42'),(46,'Praesent eu dui. Cum sociis natoque penatibus et magnis dis','2013-11-06 23:02:34','','Dismissed','Custom Order','Medium','ut mi. Duis risus odio, auctor vitae, aliquet nec, imperdiet nec, leo. Morbi neque tellus, imperdiet non, vestibulum nec, euismod in, dolor. Fusce feugiat. Lorem','ac, eleifend vitae, erat. Vivamus nisi. Mauris nulla. Integer urna. Vivamus molestie dapibus ligula. Aliquam erat volutpat. Nulla dignissim. Maecenas ornare egestas ligula. Nullam feugiat placerat velit. Quisque varius. Nam porttitor scelerisque neque. Nullam nisl. Maecenas malesuada fringilla est. Mauris','2014-05-16 03:21:53'),(47,'suscipit, est ac facilisis facilisis, magna tellus faucibus leo, in','2013-05-19 23:30:06','','Cancelled','Request','Medium','nisi. Aenean eget metus. In nec orci. Donec nibh. Quisque nonummy ipsum non arcu. Vivamus sit amet risus. Donec egestas. Aliquam nec enim. Nunc ut','euismod ac, fermentum vel, mauris. Integer sem elit, pharetra ut, pharetra sed, hendrerit a, arcu. Sed et libero. Proin mi. Aliquam gravida mauris ut mi. Duis risus odio, auctor vitae, aliquet nec, imperdiet nec, leo. Morbi neque tellus, imperdiet non,','2014-08-12 02:39:15'),(48,'nunc sit amet metus. Aliquam erat volutpat. Nulla facilisis. Suspendisse','2015-01-27 22:05:22','\0','Open','Custom Order','Medium','sodales. Mauris blandit enim consequat purus. Maecenas libero est, congue a, aliquet vel, vulputate eu, odio. Phasellus at augue id ante dictum cursus. Nunc mauris','nec enim. Nunc ut erat. Sed nunc est, mollis non, cursus non, egestas a, dui. Cras pellentesque. Sed dictum. Proin eget odio. Aliquam vulputate ullamcorper magna. Sed eu eros. Nam consequat dolor vitae dolor. Donec fringilla. Donec feugiat metus sit','2014-05-13 09:30:59'),(49,'massa rutrum magna. Cras convallis convallis dolor. Quisque tincidunt pede','2013-05-26 15:26:53','\0','Dismissed','Inquiry','Urgent','mi enim, condimentum eget, volutpat ornare, facilisis eget, ipsum. Donec sollicitudin adipiscing ligula. Aenean gravida nunc sed pede. Cum sociis natoque penatibus et magnis dis','lobortis quam a felis ullamcorper viverra. Maecenas iaculis aliquet diam. Sed diam lorem, auctor quis, tristique ac, eleifend vitae, erat. Vivamus nisi. Mauris nulla. Integer urna. Vivamus molestie dapibus ligula. Aliquam erat volutpat. Nulla dignissim. Maecenas ornare egestas ligula. Nullam','2015-01-21 07:59:19'),(50,'sodales elit erat vitae risus. Duis a mi fringilla mi','2014-05-09 11:29:58','\0','Open','Request','High','nulla. Integer urna. Vivamus molestie dapibus ligula. Aliquam erat volutpat. Nulla dignissim. Maecenas ornare egestas ligula. Nullam feugiat placerat velit. Quisque varius. Nam porttitor scelerisque','Phasellus fermentum convallis ligula. Donec luctus aliquet odio. Etiam ligula tortor, dictum eu, placerat eget, venenatis a, magna. Lorem ipsum dolor sit amet, consectetuer adipiscing elit. Etiam laoreet, libero et tristique pellentesque, tellus sem mollis dui, in sodales elit erat','2013-09-10 18:41:42'),(51,'netus et malesuada fames ac turpis egestas. Fusce aliquet magna','2013-09-13 17:55:50','','Closed','Custom Order','Low','Mauris vel turpis. Aliquam adipiscing lobortis risus. In mi pede, nonummy ut, molestie in, tempus eu, ligula. Aenean euismod mauris eu elit. Nulla facilisi. Sed','dui nec urna suscipit nonummy. Fusce fermentum fermentum arcu. Vestibulum ante ipsum primis in faucibus orci luctus et ultrices posuere cubilia Curae; Phasellus ornare. Fusce mollis. Duis sit amet diam eu dolor egestas rhoncus. Proin nisl sem, consequat nec, mollis','2014-02-27 21:46:38'),(52,'mollis lectus pede et risus. Quisque libero lacus, varius et,','2013-09-18 02:46:14','\0','Closed','Custom Order','High','eu, odio. Phasellus at augue id ante dictum cursus. Nunc mauris elit, dictum eu, eleifend nec, malesuada ut, sem. Nulla interdum. Curabitur dictum. Phasellus in','erat. Sed nunc est, mollis non, cursus non, egestas a, dui. Cras pellentesque. Sed dictum. Proin eget odio. Aliquam vulputate ullamcorper magna. Sed eu eros. Nam consequat dolor vitae dolor. Donec fringilla. Donec feugiat metus sit amet ante. Vivamus non','2013-04-10 04:26:16'),(53,'eros. Proin ultrices. Duis volutpat nunc sit amet metus. Aliquam','2014-08-14 21:07:58','','Closed','Inquiry','Low','in aliquet lobortis, nisi nibh lacinia orci, consectetuer euismod est arcu ac orci. Ut semper pretium neque. Morbi quis urna. Nunc quis arcu vel quam','sit amet luctus vulputate, nisi sem semper erat, in consectetuer ipsum nunc id enim. Curabitur massa. Vestibulum accumsan neque et nunc. Quisque ornare tortor at risus. Nunc ac sem ut dolor dapibus gravida. Aliquam tincidunt, nunc ac mattis ornare, lectus','2015-01-17 00:31:51'),(54,'natoque penatibus et magnis dis parturient montes, nascetur ridiculus mus.','2015-02-16 13:16:48','','Cancelled','Inquiry','Medium','elit elit fermentum risus, at fringilla purus mauris a nunc. In at pede. Cras vulputate velit eu sem. Pellentesque ut ipsum ac mi eleifend egestas.','mauris ipsum porta elit, a feugiat tellus lorem eu metus. In lorem. Donec elementum, lorem ut aliquam iaculis, lacus pede sagittis augue, eu tempor erat neque non quam. Pellentesque habitant morbi tristique senectus et netus et malesuada fames ac turpis','2013-12-13 08:09:55'),(55,'pede, malesuada vel, venenatis vel, faucibus id, libero. Donec consectetuer','2014-04-08 15:29:28','','Closed','Custom Order','Medium','nulla vulputate dui, nec tempus mauris erat eget ipsum. Suspendisse sagittis. Nullam vitae diam. Proin dolor. Nulla semper tellus id nunc interdum feugiat. Sed nec','Sed eu nibh vulputate mauris sagittis placerat. Cras dictum ultricies ligula. Nullam enim. Sed nulla ante, iaculis nec, eleifend non, dapibus rutrum, justo. Praesent luctus. Curabitur egestas nunc sed libero. Proin sed turpis nec mauris blandit mattis. Cras eget nisi','2014-05-29 05:12:10'),(56,'sapien, gravida non, sollicitudin a, malesuada id, erat. Etiam vestibulum','2014-06-29 21:26:21','','Closed','Support','Urgent','Maecenas mi felis, adipiscing fringilla, porttitor vulputate, posuere vulputate, lacus. Cras interdum. Nunc sollicitudin commodo ipsum. Suspendisse non leo. Vivamus nibh dolor, nonummy ac, feugiat','Donec fringilla. Donec feugiat metus sit amet ante. Vivamus non lorem vitae odio sagittis semper. Nam tempor diam dictum sapien. Aenean massa. Integer vitae nibh. Donec est mauris, rhoncus id, mollis nec, cursus a, enim. Suspendisse aliquet, sem ut cursus','2015-03-03 23:23:15'),(57,'egestas. Aliquam nec enim. Nunc ut erat. Sed nunc est,','2015-02-18 15:58:35','','Cancelled','Request','Urgent','Morbi neque tellus, imperdiet non, vestibulum nec, euismod in, dolor. Fusce feugiat. Lorem ipsum dolor sit amet, consectetuer adipiscing elit. Aliquam auctor, velit eget laoreet','mi enim, condimentum eget, volutpat ornare, facilisis eget, ipsum. Donec sollicitudin adipiscing ligula. Aenean gravida nunc sed pede. Cum sociis natoque penatibus et magnis dis parturient montes, nascetur ridiculus mus. Proin vel arcu eu odio tristique pharetra. Quisque ac libero','2013-11-07 05:54:08'),(58,'nunc nulla vulputate dui, nec tempus mauris erat eget ipsum.','2013-05-28 23:18:46','','Open','Custom Order','Low','et ultrices posuere cubilia Curae; Phasellus ornare. Fusce mollis. Duis sit amet diam eu dolor egestas rhoncus. Proin nisl sem, consequat nec, mollis vitae, posuere','nibh. Aliquam ornare, libero at auctor ullamcorper, nisl arcu iaculis enim, sit amet ornare lectus justo eu arcu. Morbi sit amet massa. Quisque porttitor eros nec tellus. Nunc lectus pede, ultrices a, auctor non, feugiat nec, diam. Duis mi enim,','2014-01-04 12:51:22'),(59,'mauris blandit mattis. Cras eget nisi dictum augue malesuada malesuada.','2014-01-10 13:01:30','\0','Cancelled','Inquiry','Urgent','mauris elit, dictum eu, eleifend nec, malesuada ut, sem. Nulla interdum. Curabitur dictum. Phasellus in felis. Nulla tempor augue ac ipsum. Phasellus vitae mauris sit','diam. Proin dolor. Nulla semper tellus id nunc interdum feugiat. Sed nec metus facilisis lorem tristique aliquet. Phasellus fermentum convallis ligula. Donec luctus aliquet odio. Etiam ligula tortor, dictum eu, placerat eget, venenatis a, magna. Lorem ipsum dolor sit amet,','2014-10-29 16:00:44'),(60,'in magna. Phasellus dolor elit, pellentesque a, facilisis non, bibendum','2013-08-23 08:28:01','\0','Closed','Custom Order','Urgent','lobortis. Class aptent taciti sociosqu ad litora torquent per conubia nostra, per inceptos hymenaeos. Mauris ut quam vel sapien imperdiet ornare. In faucibus. Morbi vehicula.','Nunc laoreet lectus quis massa. Mauris vestibulum, neque sed dictum eleifend, nunc risus varius orci, in consequat enim diam vel arcu. Curabitur ut odio vel est tempor bibendum. Donec felis orci, adipiscing non, luctus sit amet, faucibus ut, nulla. Cras','2013-08-14 20:45:41'),(61,'ante, iaculis nec, eleifend non, dapibus rutrum, justo. Praesent luctus.','2013-06-07 15:15:51','','Cancelled','Custom Order','High','egestas rhoncus. Proin nisl sem, consequat nec, mollis vitae, posuere at, velit. Cras lorem lorem, luctus ut, pellentesque eget, dictum placerat, augue. Sed molestie. Sed','risus. Nulla eget metus eu erat semper rutrum. Fusce dolor quam, elementum at, egestas a, scelerisque sed, sapien. Nunc pulvinar arcu et pede. Nunc sed orci lobortis augue scelerisque mollis. Phasellus libero mauris, aliquam eu, accumsan sed, facilisis vitae, orci.','2013-04-08 06:27:31'),(62,'vitae sodales nisi magna sed dui. Fusce aliquam, enim nec','2014-07-12 03:25:39','\0','Dismissed','Custom Order','High','eleifend, nunc risus varius orci, in consequat enim diam vel arcu. Curabitur ut odio vel est tempor bibendum. Donec felis orci, adipiscing non, luctus sit','nec, malesuada ut, sem. Nulla interdum. Curabitur dictum. Phasellus in felis. Nulla tempor augue ac ipsum. Phasellus vitae mauris sit amet lorem semper auctor. Mauris vel turpis. Aliquam adipiscing lobortis risus. In mi pede, nonummy ut, molestie in, tempus eu,','2014-09-16 12:43:05'),(63,'est. Nunc laoreet lectus quis massa. Mauris vestibulum, neque sed','2014-11-18 01:51:01','','Closed','Custom Order','Urgent','egestas rhoncus. Proin nisl sem, consequat nec, mollis vitae, posuere at, velit. Cras lorem lorem, luctus ut, pellentesque eget, dictum placerat, augue. Sed molestie. Sed','interdum. Curabitur dictum. Phasellus in felis. Nulla tempor augue ac ipsum. Phasellus vitae mauris sit amet lorem semper auctor. Mauris vel turpis. Aliquam adipiscing lobortis risus. In mi pede, nonummy ut, molestie in, tempus eu, ligula. Aenean euismod mauris eu','2014-04-15 23:36:33'),(64,'odio semper cursus. Integer mollis. Integer tincidunt aliquam arcu. Aliquam','2013-06-03 05:01:14','\0','Cancelled','Custom Order','Low','erat semper rutrum. Fusce dolor quam, elementum at, egestas a, scelerisque sed, sapien. Nunc pulvinar arcu et pede. Nunc sed orci lobortis augue scelerisque mollis.','at fringilla purus mauris a nunc. In at pede. Cras vulputate velit eu sem. Pellentesque ut ipsum ac mi eleifend egestas. Sed pharetra, felis eget varius ultrices, mauris ipsum porta elit, a feugiat tellus lorem eu metus. In lorem. Donec','2014-10-08 03:04:46'),(65,'amet orci. Ut sagittis lobortis mauris. Suspendisse aliquet molestie tellus.','2013-06-30 10:31:33','\0','Dismissed','Request','Medium','congue, elit sed consequat auctor, nunc nulla vulputate dui, nec tempus mauris erat eget ipsum. Suspendisse sagittis. Nullam vitae diam. Proin dolor. Nulla semper tellus','risus. Quisque libero lacus, varius et, euismod et, commodo at, libero. Morbi accumsan laoreet ipsum. Curabitur consequat, lectus sit amet luctus vulputate, nisi sem semper erat, in consectetuer ipsum nunc id enim. Curabitur massa. Vestibulum accumsan neque et nunc. Quisque','2013-08-06 13:58:32'),(66,'enim, condimentum eget, volutpat ornare, facilisis eget, ipsum. Donec sollicitudin','2013-09-12 03:38:29','','Open','Support','High','ullamcorper magna. Sed eu eros. Nam consequat dolor vitae dolor. Donec fringilla. Donec feugiat metus sit amet ante. Vivamus non lorem vitae odio sagittis semper.','pretium neque. Morbi quis urna. Nunc quis arcu vel quam dignissim pharetra. Nam ac nulla. In tincidunt congue turpis. In condimentum. Donec at arcu. Vestibulum ante ipsum primis in faucibus orci luctus et ultrices posuere cubilia Curae; Donec tincidunt. Donec','2014-11-04 17:59:44'),(67,'Etiam ligula tortor, dictum eu, placerat eget, venenatis a, magna.','2013-03-23 00:17:42','','Cancelled','Custom Order','Low','non arcu. Vivamus sit amet risus. Donec egestas. Aliquam nec enim. Nunc ut erat. Sed nunc est, mollis non, cursus non, egestas a, dui. Cras','pede, malesuada vel, venenatis vel, faucibus id, libero. Donec consectetuer mauris id sapien. Cras dolor dolor, tempus non, lacinia at, iaculis quis, pede. Praesent eu dui. Cum sociis natoque penatibus et magnis dis parturient montes, nascetur ridiculus mus. Aenean eget','2015-02-15 15:38:09'),(68,'dignissim magna a tortor. Nunc commodo auctor velit. Aliquam nisl.','2013-10-22 16:40:14','','Cancelled','Support','High','augue id ante dictum cursus. Nunc mauris elit, dictum eu, eleifend nec, malesuada ut, sem. Nulla interdum. Curabitur dictum. Phasellus in felis. Nulla tempor augue','eget tincidunt dui augue eu tellus. Phasellus elit pede, malesuada vel, venenatis vel, faucibus id, libero. Donec consectetuer mauris id sapien. Cras dolor dolor, tempus non, lacinia at, iaculis quis, pede. Praesent eu dui. Cum sociis natoque penatibus et magnis','2015-01-02 08:25:39'),(69,'mauris. Morbi non sapien molestie orci tincidunt adipiscing. Mauris molestie','2013-06-18 16:00:02','\0','Closed','Request','High','placerat, augue. Sed molestie. Sed id risus quis diam luctus lobortis. Class aptent taciti sociosqu ad litora torquent per conubia nostra, per inceptos hymenaeos. Mauris','parturient montes, nascetur ridiculus mus. Aenean eget magna. Suspendisse tristique neque venenatis lacus. Etiam bibendum fermentum metus. Aenean sed pede nec ante blandit viverra. Donec tempus, lorem fringilla ornare placerat, orci lacus vestibulum lorem, sit amet ultricies sem magna nec','2013-11-15 07:31:33'),(70,'Nulla facilisis. Suspendisse commodo tincidunt nibh. Phasellus nulla. Integer vulputate,','2013-07-08 17:46:38','','Closed','Custom Order','Medium','non nisi. Aenean eget metus. In nec orci. Donec nibh. Quisque nonummy ipsum non arcu. Vivamus sit amet risus. Donec egestas. Aliquam nec enim. Nunc','scelerisque neque. Nullam nisl. Maecenas malesuada fringilla est. Mauris eu turpis. Nulla aliquet. Proin velit. Sed malesuada augue ut lacus. Nulla tincidunt, neque vitae semper egestas, urna justo faucibus lectus, a sollicitudin orci sem eget massa. Suspendisse eleifend. Cras sed','2013-05-20 18:29:16'),(71,'risus. Morbi metus. Vivamus euismod urna. Nullam lobortis quam a','2014-08-13 02:37:15','','Cancelled','Request','Low','semper rutrum. Fusce dolor quam, elementum at, egestas a, scelerisque sed, sapien. Nunc pulvinar arcu et pede. Nunc sed orci lobortis augue scelerisque mollis. Phasellus','sagittis lobortis mauris. Suspendisse aliquet molestie tellus. Aenean egestas hendrerit neque. In ornare sagittis felis. Donec tempor, est ac mattis semper, dui lectus rutrum urna, nec luctus felis purus ac tellus. Suspendisse sed dolor. Fusce mi lorem, vehicula et, rutrum','2015-02-23 10:00:57'),(72,'diam eu dolor egestas rhoncus. Proin nisl sem, consequat nec,','2013-03-29 05:16:31','\0','Cancelled','Inquiry','Medium','Nulla eu neque pellentesque massa lobortis ultrices. Vivamus rhoncus. Donec est. Nunc ullamcorper, velit in aliquet lobortis, nisi nibh lacinia orci, consectetuer euismod est arcu','dis parturient montes, nascetur ridiculus mus. Donec dignissim magna a tortor. Nunc commodo auctor velit. Aliquam nisl. Nulla eu neque pellentesque massa lobortis ultrices. Vivamus rhoncus. Donec est. Nunc ullamcorper, velit in aliquet lobortis, nisi nibh lacinia orci, consectetuer euismod','2014-07-17 01:11:10'),(73,'Lorem ipsum dolor sit amet, consectetuer adipiscing elit. Aliquam auctor,','2013-05-21 13:08:39','\0','Closed','Request','Urgent','Donec non justo. Proin non massa non ante bibendum ullamcorper. Duis cursus, diam at pretium aliquet, metus urna convallis erat, eget tincidunt dui augue eu','iaculis quis, pede. Praesent eu dui. Cum sociis natoque penatibus et magnis dis parturient montes, nascetur ridiculus mus. Aenean eget magna. Suspendisse tristique neque venenatis lacus. Etiam bibendum fermentum metus. Aenean sed pede nec ante blandit viverra. Donec tempus, lorem','2015-01-28 00:19:39'),(74,'at lacus. Quisque purus sapien, gravida non, sollicitudin a, malesuada','2013-09-15 10:39:10','\0','Cancelled','Custom Order','High','Quisque porttitor eros nec tellus. Nunc lectus pede, ultrices a, auctor non, feugiat nec, diam. Duis mi enim, condimentum eget, volutpat ornare, facilisis eget, ipsum.','enim. Curabitur massa. Vestibulum accumsan neque et nunc. Quisque ornare tortor at risus. Nunc ac sem ut dolor dapibus gravida. Aliquam tincidunt, nunc ac mattis ornare, lectus ante dictum mi, ac mattis velit justo nec ante. Maecenas mi felis, adipiscing','2013-08-03 12:12:41'),(75,'elit. Aliquam auctor, velit eget laoreet posuere, enim nisl elementum','2013-04-12 05:19:27','','Open','Inquiry','Urgent','eget magna. Suspendisse tristique neque venenatis lacus. Etiam bibendum fermentum metus. Aenean sed pede nec ante blandit viverra. Donec tempus, lorem fringilla ornare placerat, orci','porttitor interdum. Sed auctor odio a purus. Duis elementum, dui quis accumsan convallis, ante lectus convallis est, vitae sodales nisi magna sed dui. Fusce aliquam, enim nec tempus scelerisque, lorem ipsum sodales purus, in molestie tortor nibh sit amet orci.','2015-03-12 08:20:08'),(76,'eleifend nec, malesuada ut, sem. Nulla interdum. Curabitur dictum. Phasellus','2014-04-11 21:40:49','\0','Cancelled','Support','Urgent','magna. Nam ligula elit, pretium et, rutrum non, hendrerit id, ante. Nunc mauris sapien, cursus in, hendrerit consectetuer, cursus et, magna. Praesent interdum ligula eu','hendrerit consectetuer, cursus et, magna. Praesent interdum ligula eu enim. Etiam imperdiet dictum magna. Ut tincidunt orci quis lectus. Nullam suscipit, est ac facilisis facilisis, magna tellus faucibus leo, in lobortis tellus justo sit amet nulla. Donec non justo. Proin','2014-06-06 02:17:05'),(77,'vulputate mauris sagittis placerat. Cras dictum ultricies ligula. Nullam enim.','2014-09-18 07:25:55','\0','Dismissed','Request','Low','dolor. Fusce mi lorem, vehicula et, rutrum eu, ultrices sit amet, risus. Donec nibh enim, gravida sit amet, dapibus id, blandit at, nisi. Cum sociis','Phasellus at augue id ante dictum cursus. Nunc mauris elit, dictum eu, eleifend nec, malesuada ut, sem. Nulla interdum. Curabitur dictum. Phasellus in felis. Nulla tempor augue ac ipsum. Phasellus vitae mauris sit amet lorem semper auctor. Mauris vel turpis.','2014-01-25 02:34:26'),(78,'lacinia orci, consectetuer euismod est arcu ac orci. Ut semper','2013-12-23 21:04:32','','Open','Custom Order','High','rutrum urna, nec luctus felis purus ac tellus. Suspendisse sed dolor. Fusce mi lorem, vehicula et, rutrum eu, ultrices sit amet, risus. Donec nibh enim,','consectetuer rhoncus. Nullam velit dui, semper et, lacinia vitae, sodales at, velit. Pellentesque ultricies dignissim lacus. Aliquam rutrum lorem ac risus. Morbi metus. Vivamus euismod urna. Nullam lobortis quam a felis ullamcorper viverra. Maecenas iaculis aliquet diam. Sed diam lorem,','2015-02-24 07:16:49'),(79,'sociis natoque penatibus et magnis dis parturient montes, nascetur ridiculus','2013-11-11 09:36:53','\0','Dismissed','Support','High','aliquam, enim nec tempus scelerisque, lorem ipsum sodales purus, in molestie tortor nibh sit amet orci. Ut sagittis lobortis mauris. Suspendisse aliquet molestie tellus. Aenean','sit amet ultricies sem magna nec quam. Curabitur vel lectus. Cum sociis natoque penatibus et magnis dis parturient montes, nascetur ridiculus mus. Donec dignissim magna a tortor. Nunc commodo auctor velit. Aliquam nisl. Nulla eu neque pellentesque massa lobortis ultrices.','2013-04-13 20:53:43'),(80,'Cras vulputate velit eu sem. Pellentesque ut ipsum ac mi','2013-04-22 15:49:37','\0','Closed','Inquiry','Medium','erat, eget tincidunt dui augue eu tellus. Phasellus elit pede, malesuada vel, venenatis vel, faucibus id, libero. Donec consectetuer mauris id sapien. Cras dolor dolor,','orci, in consequat enim diam vel arcu. Curabitur ut odio vel est tempor bibendum. Donec felis orci, adipiscing non, luctus sit amet, faucibus ut, nulla. Cras eu tellus eu augue porttitor interdum. Sed auctor odio a purus. Duis elementum, dui','2014-06-07 15:59:13'),(81,'augue porttitor interdum. Sed auctor odio a purus. Duis elementum,','2014-05-08 02:17:37','','Cancelled','Support','High','sit amet risus. Donec egestas. Aliquam nec enim. Nunc ut erat. Sed nunc est, mollis non, cursus non, egestas a, dui. Cras pellentesque. Sed dictum.','Etiam ligula tortor, dictum eu, placerat eget, venenatis a, magna. Lorem ipsum dolor sit amet, consectetuer adipiscing elit. Etiam laoreet, libero et tristique pellentesque, tellus sem mollis dui, in sodales elit erat vitae risus. Duis a mi fringilla mi lacinia','2013-06-02 22:11:08'),(82,'est. Nunc laoreet lectus quis massa. Mauris vestibulum, neque sed','2014-11-06 04:05:52','','Dismissed','Support','Medium','Quisque libero lacus, varius et, euismod et, commodo at, libero. Morbi accumsan laoreet ipsum. Curabitur consequat, lectus sit amet luctus vulputate, nisi sem semper erat,','at, velit. Cras lorem lorem, luctus ut, pellentesque eget, dictum placerat, augue. Sed molestie. Sed id risus quis diam luctus lobortis. Class aptent taciti sociosqu ad litora torquent per conubia nostra, per inceptos hymenaeos. Mauris ut quam vel sapien imperdiet','2013-06-12 08:39:55'),(83,'vel, convallis in, cursus et, eros. Proin ultrices. Duis volutpat','2014-10-18 06:40:06','\0','Open','Request','Medium','lectus pede, ultrices a, auctor non, feugiat nec, diam. Duis mi enim, condimentum eget, volutpat ornare, facilisis eget, ipsum. Donec sollicitudin adipiscing ligula. Aenean gravida','libero lacus, varius et, euismod et, commodo at, libero. Morbi accumsan laoreet ipsum. Curabitur consequat, lectus sit amet luctus vulputate, nisi sem semper erat, in consectetuer ipsum nunc id enim. Curabitur massa. Vestibulum accumsan neque et nunc. Quisque ornare tortor','2014-07-18 22:11:37'),(84,'ipsum. Donec sollicitudin adipiscing ligula. Aenean gravida nunc sed pede.','2013-08-01 23:54:27','','Dismissed','Custom Order','High','tincidunt adipiscing. Mauris molestie pharetra nibh. Aliquam ornare, libero at auctor ullamcorper, nisl arcu iaculis enim, sit amet ornare lectus justo eu arcu. Morbi sit','ipsum sodales purus, in molestie tortor nibh sit amet orci. Ut sagittis lobortis mauris. Suspendisse aliquet molestie tellus. Aenean egestas hendrerit neque. In ornare sagittis felis. Donec tempor, est ac mattis semper, dui lectus rutrum urna, nec luctus felis purus','2013-11-23 05:27:46'),(85,'viverra. Donec tempus, lorem fringilla ornare placerat, orci lacus vestibulum','2014-03-28 17:18:00','\0','Cancelled','Support','Medium','Morbi quis urna. Nunc quis arcu vel quam dignissim pharetra. Nam ac nulla. In tincidunt congue turpis. In condimentum. Donec at arcu. Vestibulum ante ipsum','mi eleifend egestas. Sed pharetra, felis eget varius ultrices, mauris ipsum porta elit, a feugiat tellus lorem eu metus. In lorem. Donec elementum, lorem ut aliquam iaculis, lacus pede sagittis augue, eu tempor erat neque non quam. Pellentesque habitant morbi','2013-07-18 03:11:58'),(86,'rhoncus. Donec est. Nunc ullamcorper, velit in aliquet lobortis, nisi','2013-04-01 15:39:02','','Closed','Support','Medium','facilisis non, bibendum sed, est. Nunc laoreet lectus quis massa. Mauris vestibulum, neque sed dictum eleifend, nunc risus varius orci, in consequat enim diam vel','nec ante. Maecenas mi felis, adipiscing fringilla, porttitor vulputate, posuere vulputate, lacus. Cras interdum. Nunc sollicitudin commodo ipsum. Suspendisse non leo. Vivamus nibh dolor, nonummy ac, feugiat non, lobortis quis, pede. Suspendisse dui. Fusce diam nunc, ullamcorper eu, euismod ac,','2014-10-06 06:24:08'),(87,'Sed eu eros. Nam consequat dolor vitae dolor. Donec fringilla.','2013-07-31 12:21:36','','Cancelled','Custom Order','Urgent','aliquet diam. Sed diam lorem, auctor quis, tristique ac, eleifend vitae, erat. Vivamus nisi. Mauris nulla. Integer urna. Vivamus molestie dapibus ligula. Aliquam erat volutpat.','metus. Aliquam erat volutpat. Nulla facilisis. Suspendisse commodo tincidunt nibh. Phasellus nulla. Integer vulputate, risus a ultricies adipiscing, enim mi tempor lorem, eget mollis lectus pede et risus. Quisque libero lacus, varius et, euismod et, commodo at, libero. Morbi accumsan','2015-01-02 17:47:23'),(88,'Ut nec urna et arcu imperdiet ullamcorper. Duis at lacus.','2013-04-23 16:53:35','','Open','Custom Order','High','sodales at, velit. Pellentesque ultricies dignissim lacus. Aliquam rutrum lorem ac risus. Morbi metus. Vivamus euismod urna. Nullam lobortis quam a felis ullamcorper viverra. Maecenas','Quisque libero lacus, varius et, euismod et, commodo at, libero. Morbi accumsan laoreet ipsum. Curabitur consequat, lectus sit amet luctus vulputate, nisi sem semper erat, in consectetuer ipsum nunc id enim. Curabitur massa. Vestibulum accumsan neque et nunc. Quisque ornare','2014-10-01 00:58:46'),(89,'at arcu. Vestibulum ante ipsum primis in faucibus orci luctus','2013-12-08 17:30:50','','Cancelled','Inquiry','Medium','elit fermentum risus, at fringilla purus mauris a nunc. In at pede. Cras vulputate velit eu sem. Pellentesque ut ipsum ac mi eleifend egestas. Sed','nisi. Mauris nulla. Integer urna. Vivamus molestie dapibus ligula. Aliquam erat volutpat. Nulla dignissim. Maecenas ornare egestas ligula. Nullam feugiat placerat velit. Quisque varius. Nam porttitor scelerisque neque. Nullam nisl. Maecenas malesuada fringilla est. Mauris eu turpis. Nulla aliquet. Proin','2013-11-08 11:33:11'),(90,'pharetra. Nam ac nulla. In tincidunt congue turpis. In condimentum.','2015-01-21 16:43:08','\0','Open','Support','Urgent','pulvinar arcu et pede. Nunc sed orci lobortis augue scelerisque mollis. Phasellus libero mauris, aliquam eu, accumsan sed, facilisis vitae, orci. Phasellus dapibus quam quis','orci luctus et ultrices posuere cubilia Curae; Phasellus ornare. Fusce mollis. Duis sit amet diam eu dolor egestas rhoncus. Proin nisl sem, consequat nec, mollis vitae, posuere at, velit. Cras lorem lorem, luctus ut, pellentesque eget, dictum placerat, augue. Sed','2015-02-19 10:07:37'),(91,'Quisque libero lacus, varius et, euismod et, commodo at, libero.','2015-02-07 07:11:02','','Closed','Request','Urgent','parturient montes, nascetur ridiculus mus. Aenean eget magna. Suspendisse tristique neque venenatis lacus. Etiam bibendum fermentum metus. Aenean sed pede nec ante blandit viverra. Donec','risus. In mi pede, nonummy ut, molestie in, tempus eu, ligula. Aenean euismod mauris eu elit. Nulla facilisi. Sed neque. Sed eget lacus. Mauris non dui nec urna suscipit nonummy. Fusce fermentum fermentum arcu. Vestibulum ante ipsum primis in faucibus','2013-07-19 07:46:12'),(92,'pharetra nibh. Aliquam ornare, libero at auctor ullamcorper, nisl arcu','2014-07-18 20:02:54','\0','Open','Request','Medium','placerat eget, venenatis a, magna. Lorem ipsum dolor sit amet, consectetuer adipiscing elit. Etiam laoreet, libero et tristique pellentesque, tellus sem mollis dui, in sodales','ac mattis ornare, lectus ante dictum mi, ac mattis velit justo nec ante. Maecenas mi felis, adipiscing fringilla, porttitor vulputate, posuere vulputate, lacus. Cras interdum. Nunc sollicitudin commodo ipsum. Suspendisse non leo. Vivamus nibh dolor, nonummy ac, feugiat non, lobortis','2014-03-07 05:32:32'),(93,'Phasellus nulla. Integer vulputate, risus a ultricies adipiscing, enim mi','2013-11-17 00:36:06','\0','Open','Inquiry','Medium','tincidunt aliquam arcu. Aliquam ultrices iaculis odio. Nam interdum enim non nisi. Aenean eget metus. In nec orci. Donec nibh. Quisque nonummy ipsum non arcu.','eget metus. In nec orci. Donec nibh. Quisque nonummy ipsum non arcu. Vivamus sit amet risus. Donec egestas. Aliquam nec enim. Nunc ut erat. Sed nunc est, mollis non, cursus non, egestas a, dui. Cras pellentesque. Sed dictum. Proin eget','2014-03-31 23:06:06'),(94,'nec ligula consectetuer rhoncus. Nullam velit dui, semper et, lacinia','2015-01-16 02:21:37','\0','Cancelled','Inquiry','Medium','est. Mauris eu turpis. Nulla aliquet. Proin velit. Sed malesuada augue ut lacus. Nulla tincidunt, neque vitae semper egestas, urna justo faucibus lectus, a sollicitudin','fermentum arcu. Vestibulum ante ipsum primis in faucibus orci luctus et ultrices posuere cubilia Curae; Phasellus ornare. Fusce mollis. Duis sit amet diam eu dolor egestas rhoncus. Proin nisl sem, consequat nec, mollis vitae, posuere at, velit. Cras lorem lorem,','2015-01-18 06:03:45'),(95,'parturient montes, nascetur ridiculus mus. Proin vel arcu eu odio','2014-04-05 07:08:33','','Open','Support','Urgent','fringilla ornare placerat, orci lacus vestibulum lorem, sit amet ultricies sem magna nec quam. Curabitur vel lectus. Cum sociis natoque penatibus et magnis dis parturient','risus a ultricies adipiscing, enim mi tempor lorem, eget mollis lectus pede et risus. Quisque libero lacus, varius et, euismod et, commodo at, libero. Morbi accumsan laoreet ipsum. Curabitur consequat, lectus sit amet luctus vulputate, nisi sem semper erat, in','2013-09-12 03:45:34'),(96,'id sapien. Cras dolor dolor, tempus non, lacinia at, iaculis','2014-12-15 10:33:28','\0','Closed','Support','High','Cras convallis convallis dolor. Quisque tincidunt pede ac urna. Ut tincidunt vehicula risus. Nulla eget metus eu erat semper rutrum. Fusce dolor quam, elementum at,','Integer aliquam adipiscing lacus. Ut nec urna et arcu imperdiet ullamcorper. Duis at lacus. Quisque purus sapien, gravida non, sollicitudin a, malesuada id, erat. Etiam vestibulum massa rutrum magna. Cras convallis convallis dolor. Quisque tincidunt pede ac urna. Ut tincidunt','2013-08-21 18:31:25'),(97,'dui. Fusce diam nunc, ullamcorper eu, euismod ac, fermentum vel,','2014-06-18 13:20:15','','Dismissed','Request','Medium','a neque. Nullam ut nisi a odio semper cursus. Integer mollis. Integer tincidunt aliquam arcu. Aliquam ultrices iaculis odio. Nam interdum enim non nisi. Aenean','ac turpis egestas. Aliquam fringilla cursus purus. Nullam scelerisque neque sed sem egestas blandit. Nam nulla magna, malesuada vel, convallis in, cursus et, eros. Proin ultrices. Duis volutpat nunc sit amet metus. Aliquam erat volutpat. Nulla facilisis. Suspendisse commodo tincidunt','2013-07-15 18:20:17'),(98,'Sed id risus quis diam luctus lobortis. Class aptent taciti','2013-11-09 15:46:53','\0','Cancelled','Custom Order','Medium','turpis. Nulla aliquet. Proin velit. Sed malesuada augue ut lacus. Nulla tincidunt, neque vitae semper egestas, urna justo faucibus lectus, a sollicitudin orci sem eget','aliquet odio. Etiam ligula tortor, dictum eu, placerat eget, venenatis a, magna. Lorem ipsum dolor sit amet, consectetuer adipiscing elit. Etiam laoreet, libero et tristique pellentesque, tellus sem mollis dui, in sodales elit erat vitae risus. Duis a mi fringilla','2013-05-06 01:57:38'),(99,'ornare placerat, orci lacus vestibulum lorem, sit amet ultricies sem','2013-04-24 15:43:10','','Open','Request','Urgent','vel, faucibus id, libero. Donec consectetuer mauris id sapien. Cras dolor dolor, tempus non, lacinia at, iaculis quis, pede. Praesent eu dui. Cum sociis natoque','sit amet luctus vulputate, nisi sem semper erat, in consectetuer ipsum nunc id enim. Curabitur massa. Vestibulum accumsan neque et nunc. Quisque ornare tortor at risus. Nunc ac sem ut dolor dapibus gravida. Aliquam tincidunt, nunc ac mattis ornare, lectus','2013-04-08 19:28:33'),(100,'vehicula et, rutrum eu, ultrices sit amet, risus. Donec nibh','2014-01-24 17:52:14','','Dismissed','Custom Order','Medium','Maecenas iaculis aliquet diam. Sed diam lorem, auctor quis, tristique ac, eleifend vitae, erat. Vivamus nisi. Mauris nulla. Integer urna. Vivamus molestie dapibus ligula. Aliquam','sed leo. Cras vehicula aliquet libero. Integer in magna. Phasellus dolor elit, pellentesque a, facilisis non, bibendum sed, est. Nunc laoreet lectus quis massa. Mauris vestibulum, neque sed dictum eleifend, nunc risus varius orci, in consequat enim diam vel arcu.','2013-10-26 22:10:45');
/*!40000 ALTER TABLE `service` ENABLE KEYS */;
UNLOCK TABLES;
/*!40103 SET TIME_ZONE=@OLD_TIME_ZONE */;

/*!40101 SET SQL_MODE=@OLD_SQL_MODE */;
/*!40014 SET FOREIGN_KEY_CHECKS=@OLD_FOREIGN_KEY_CHECKS */;
/*!40014 SET UNIQUE_CHECKS=@OLD_UNIQUE_CHECKS */;
/*!40101 SET CHARACTER_SET_CLIENT=@OLD_CHARACTER_SET_CLIENT */;
/*!40101 SET CHARACTER_SET_RESULTS=@OLD_CHARACTER_SET_RESULTS */;
/*!40101 SET COLLATION_CONNECTION=@OLD_COLLATION_CONNECTION */;
/*!40111 SET SQL_NOTES=@OLD_SQL_NOTES */;

-- Dump completed on 2015-03-28 23:14:02
